{
  "strategy": "uniform",
  "full_doc_tokens": 1234,
  "full_index_size_mb": 16138.40625,
  "full_metrics": {
    "mrr": 0.6011534774954721,
    "recall@5": 0.804635761589404,
    "ndcg@5": 0.44353052404994525,
    "recall@10": 0.8973509933774835,
    "ndcg@10": 0.47679898247176716,
    "recall@20": 0.956953642384106,
    "ndcg@20": 0.5262584925887446,
    "recall@100": 0.9900662251655629,
    "ndcg@100": 0.6107101397256938
  },
  "ablations": [
    {
      "num_tokens": 8,
      "ratio": 0.006482982171799027,
      "index_size_mb": 104.625,
      "compression_ratio": 0.006482982171799027,
      "metrics": {
        "mrr": 0.5432565507349534,
        "recall@5": 0.7748344370860927,
        "ndcg@5": 0.39491094962597956,
        "recall@10": 0.8642384105960265,
        "ndcg@10": 0.4258210842163299,
        "recall@20": 0.9370860927152318,
        "ndcg@20": 0.4766698866816562,
        "recall@100": 0.9933774834437086,
        "ndcg@100": 0.5693287135957729
      },
      "delta_from_full": {
        "mrr": -0.05789692676051872,
        "recall@5": -0.0298013245033113,
        "ndcg@5": -0.048619574423965695,
        "recall@10": -0.03311258278145701,
        "ndcg@10": -0.05097789825543725,
        "recall@20": -0.019867549668874163,
        "ndcg@20": -0.04958860590708836,
        "recall@100": 0.0033112582781457123,
        "ndcg@100": -0.041381426129920906
      }
    },
    {
      "num_tokens": 16,
      "ratio": 0.012965964343598054,
      "index_size_mb": 209.25,
      "compression_ratio": 0.012965964343598054,
      "metrics": {
        "mrr": 0.5630610963725579,
        "recall@5": 0.7649006622516556,
        "ndcg@5": 0.39848037582724477,
        "recall@10": 0.8675496688741722,
        "ndcg@10": 0.43249427173099514,
        "recall@20": 0.9403973509933775,
        "ndcg@20": 0.4793709896137892,
        "recall@100": 0.9867549668874173,
        "ndcg@100": 0.5707744131210738
      },
      "delta_from_full": {
        "mrr": -0.03809238112291424,
        "recall@5": -0.039735099337748325,
        "ndcg@5": -0.04505014822270048,
        "recall@10": -0.0298013245033113,
        "ndcg@10": -0.044304710740772024,
        "recall@20": -0.01655629139072845,
        "ndcg@20": -0.046887502974955364,
        "recall@100": -0.0033112582781456013,
        "ndcg@100": -0.03993572660461997
      }
    },
    {
      "num_tokens": 32,
      "ratio": 0.02593192868719611,
      "index_size_mb": 418.5,
      "compression_ratio": 0.02593192868719611,
      "metrics": {
        "mrr": 0.5436690517016823,
        "recall@5": 0.7682119205298014,
        "ndcg@5": 0.3890247335329345,
        "recall@10": 0.8741721854304636,
        "ndcg@10": 0.4272759203839455,
        "recall@20": 0.9503311258278145,
        "ndcg@20": 0.4766855781320394,
        "recall@100": 0.9867549668874173,
        "ndcg@100": 0.5648367140313296
      },
      "delta_from_full": {
        "mrr": -0.05748442579378976,
        "recall@5": -0.03642384105960261,
        "ndcg@5": -0.054505790517010766,
        "recall@10": -0.023178807947019875,
        "ndcg@10": -0.049523062087821645,
        "recall@20": -0.0066225165562914245,
        "ndcg@20": -0.0495729144567052,
        "recall@100": -0.0033112582781456013,
        "ndcg@100": -0.045873425694364145
      }
    },
    {
      "num_tokens": 64,
      "ratio": 0.05186385737439222,
      "index_size_mb": 837.0,
      "compression_ratio": 0.05186385737439222,
      "metrics": {
        "mrr": 0.5590811930511925,
        "recall@5": 0.7847682119205298,
        "ndcg@5": 0.41261668064262663,
        "recall@10": 0.8675496688741722,
        "ndcg@10": 0.44915230606333,
        "recall@20": 0.9437086092715232,
        "ndcg@20": 0.5018549366310749,
        "recall@100": 0.9834437086092715,
        "ndcg@100": 0.5894502930202703
      },
      "delta_from_full": {
        "mrr": -0.04207228444427957,
        "recall@5": -0.019867549668874163,
        "ndcg@5": -0.03091384340731862,
        "recall@10": -0.0298013245033113,
        "ndcg@10": -0.027646676408437154,
        "recall@20": -0.013245033112582738,
        "ndcg@20": -0.02440355595766963,
        "recall@100": -0.0066225165562913135,
        "ndcg@100": -0.02125984670542347
      }
    },
    {
      "num_tokens": 128,
      "ratio": 0.10372771474878444,
      "index_size_mb": 1674.0,
      "compression_ratio": 0.10372771474878444,
      "metrics": {
        "mrr": 0.591705596069012,
        "recall@5": 0.8013245033112583,
        "ndcg@5": 0.4206588245743724,
        "recall@10": 0.8940397350993378,
        "ndcg@10": 0.45463484525649617,
        "recall@20": 0.9536423841059603,
        "ndcg@20": 0.5054218046034241,
        "recall@100": 0.9900662251655629,
        "ndcg@100": 0.592718979479496
      },
      "delta_from_full": {
        "mrr": -0.009447881426460136,
        "recall@5": -0.0033112582781457123,
        "ndcg@5": -0.022871699475572826,
        "recall@10": -0.0033112582781457123,
        "ndcg@10": -0.022164137215270996,
        "recall@20": -0.0033112582781457123,
        "ndcg@20": -0.020836687985320457,
        "recall@100": 0.0,
        "ndcg@100": -0.017991160246197735
      }
    },
    {
      "num_tokens": 256,
      "ratio": 0.20745542949756887,
      "index_size_mb": 3348.0,
      "compression_ratio": 0.20745542949756887,
      "metrics": {
        "mrr": 0.5877919930686467,
        "recall@5": 0.804635761589404,
        "ndcg@5": 0.4306297378617805,
        "recall@10": 0.8841059602649006,
        "ndcg@10": 0.46685811257584237,
        "recall@20": 0.956953642384106,
        "ndcg@20": 0.5136298698901833,
        "recall@100": 0.9900662251655629,
        "ndcg@100": 0.6011326605020336
      },
      "delta_from_full": {
        "mrr": -0.013361484426825387,
        "recall@5": 0.0,
        "ndcg@5": -0.012900786188164759,
        "recall@10": -0.013245033112582849,
        "ndcg@10": -0.009940869895924798,
        "recall@20": 0.0,
        "ndcg@20": -0.012628622698561243,
        "recall@100": 0.0,
        "ndcg@100": -0.009577479223660146
      }
    },
    {
      "num_tokens": 512,
      "ratio": 0.41491085899513774,
      "index_size_mb": 6696.0,
      "compression_ratio": 0.41491085899513774,
      "metrics": {
        "mrr": 0.6091962058509578,
        "recall@5": 0.8178807947019867,
        "ndcg@5": 0.4463356456032676,
        "recall@10": 0.890728476821192,
        "ndcg@10": 0.47534972771536116,
        "recall@20": 0.9503311258278145,
        "ndcg@20": 0.5253603497110805,
        "recall@100": 0.9900662251655629,
        "ndcg@100": 0.6106227864317799
      },
      "delta_from_full": {
        "mrr": 0.008042728355485695,
        "recall@5": 0.013245033112582738,
        "ndcg@5": 0.002805121553322354,
        "recall@10": -0.0066225165562914245,
        "ndcg@10": -0.0014492547564060043,
        "recall@20": -0.0066225165562914245,
        "ndcg@20": -0.0008981428776640987,
        "recall@100": 0.0,
        "ndcg@100": -8.735329391384994e-05
      }
    }
  ]
}