{
  "strategy": "first",
  "full_doc_tokens": 1234,
  "full_index_size_mb": 1008.650390625,
  "full_metrics": {
    "mrr": 0.5930039778228532,
    "recall@5": 0.8112582781456954,
    "ndcg@5": 0.4307334345258524,
    "recall@10": 0.8774834437086093,
    "ndcg@10": 0.456387895470859,
    "recall@20": 0.9503311258278145,
    "ndcg@20": 0.5007204423049194,
    "recall@100": 0.9867549668874173,
    "ndcg@100": 0.5886242328848179
  },
  "ablations": [
    {
      "num_tokens": 8,
      "ratio": 0.006482982171799027,
      "index_size_mb": 6.5390625,
      "compression_ratio": 0.006482982171799027,
      "metrics": {
        "mrr": 0.026288810306229714,
        "recall@5": 0.03642384105960265,
        "ndcg@5": 0.008036280540025004,
        "recall@10": 0.039735099337748346,
        "ndcg@10": 0.006674853713801936,
        "recall@20": 0.04966887417218543,
        "ndcg@20": 0.007604891954413908,
        "recall@100": 0.2152317880794702,
        "ndcg@100": 0.018940247478395178
      },
      "delta_from_full": {
        "mrr": -0.5667151675166234,
        "recall@5": -0.7748344370860928,
        "ndcg@5": -0.4226971539858274,
        "recall@10": -0.837748344370861,
        "ndcg@10": -0.44971304175705706,
        "recall@20": -0.9006622516556291,
        "ndcg@20": -0.4931155503505055,
        "recall@100": -0.7715231788079471,
        "ndcg@100": -0.5696839854064227
      }
    },
    {
      "num_tokens": 16,
      "ratio": 0.012965964343598054,
      "index_size_mb": 13.078125,
      "compression_ratio": 0.012965964343598054,
      "metrics": {
        "mrr": 0.03537654515323784,
        "recall@5": 0.04304635761589404,
        "ndcg@5": 0.010336352926919057,
        "recall@10": 0.06291390728476821,
        "ndcg@10": 0.009627858896700698,
        "recall@20": 0.09271523178807947,
        "ndcg@20": 0.011831205789661174,
        "recall@100": 0.2582781456953642,
        "ndcg@100": 0.02335553826863367
      },
      "delta_from_full": {
        "mrr": -0.5576274326696153,
        "recall@5": -0.7682119205298014,
        "ndcg@5": -0.42039708159893335,
        "recall@10": -0.8145695364238411,
        "ndcg@10": -0.4467600365741583,
        "recall@20": -0.857615894039735,
        "ndcg@20": -0.48888923651525823,
        "recall@100": -0.728476821192053,
        "ndcg@100": -0.5652686946161842
      }
    },
    {
      "num_tokens": 32,
      "ratio": 0.02593192868719611,
      "index_size_mb": 26.15625,
      "compression_ratio": 0.02593192868719611,
      "metrics": {
        "mrr": 0.034429661218023835,
        "recall@5": 0.046357615894039736,
        "ndcg@5": 0.010547466405423318,
        "recall@10": 0.06291390728476821,
        "ndcg@10": 0.009413558267061126,
        "recall@20": 0.08940397350993377,
        "ndcg@20": 0.011475457630251977,
        "recall@100": 0.271523178807947,
        "ndcg@100": 0.023425458143436172
      },
      "delta_from_full": {
        "mrr": -0.5585743166048294,
        "recall@5": -0.7649006622516556,
        "ndcg@5": -0.4201859681204291,
        "recall@10": -0.8145695364238411,
        "ndcg@10": -0.44697433720379787,
        "recall@20": -0.8609271523178808,
        "ndcg@20": -0.4892449846746674,
        "recall@100": -0.7152317880794703,
        "ndcg@100": -0.5651987747413817
      }
    },
    {
      "num_tokens": 64,
      "ratio": 0.05186385737439222,
      "index_size_mb": 52.3125,
      "compression_ratio": 0.05186385737439222,
      "metrics": {
        "mrr": 0.07755473675664419,
        "recall@5": 0.10596026490066225,
        "ndcg@5": 0.029097357776671905,
        "recall@10": 0.19536423841059603,
        "ndcg@10": 0.037761910716251686,
        "recall@20": 0.2781456953642384,
        "ndcg@20": 0.046508186702176664,
        "recall@100": 0.5496688741721855,
        "ndcg@100": 0.08016068213826377
      },
      "delta_from_full": {
        "mrr": -0.515449241066209,
        "recall@5": -0.7052980132450332,
        "ndcg@5": -0.4016360767491805,
        "recall@10": -0.6821192052980133,
        "ndcg@10": -0.4186259847546073,
        "recall@20": -0.6721854304635762,
        "ndcg@20": -0.45421225560274275,
        "recall@100": -0.4370860927152318,
        "ndcg@100": -0.5084635507465541
      }
    },
    {
      "num_tokens": 128,
      "ratio": 0.10372771474878444,
      "index_size_mb": 104.625,
      "compression_ratio": 0.10372771474878444,
      "metrics": {
        "mrr": 0.33956139754457326,
        "recall@5": 0.48013245033112584,
        "ndcg@5": 0.20500311988884934,
        "recall@10": 0.6125827814569537,
        "ndcg@10": 0.22155510792143382,
        "recall@20": 0.7317880794701986,
        "ndcg@20": 0.25379439896462697,
        "recall@100": 0.9072847682119205,
        "ndcg@100": 0.3385380854765068
      },
      "delta_from_full": {
        "mrr": -0.2534425802782799,
        "recall@5": -0.33112582781456956,
        "ndcg@5": -0.22573031463700305,
        "recall@10": -0.26490066225165565,
        "ndcg@10": -0.2348327875494252,
        "recall@20": -0.2185430463576159,
        "ndcg@20": -0.24692604334029244,
        "recall@100": -0.07947019867549676,
        "ndcg@100": -0.2500861474083111
      }
    },
    {
      "num_tokens": 256,
      "ratio": 0.20745542949756887,
      "index_size_mb": 209.25,
      "compression_ratio": 0.20745542949756887,
      "metrics": {
        "mrr": 0.4312242799276703,
        "recall@5": 0.609271523178808,
        "ndcg@5": 0.27911897854155515,
        "recall@10": 0.7218543046357616,
        "ndcg@10": 0.2993010256821318,
        "recall@20": 0.8079470198675497,
        "ndcg@20": 0.3343966478583505,
        "recall@100": 0.9602649006622517,
        "ndcg@100": 0.4315491581813713
      },
      "delta_from_full": {
        "mrr": -0.16177969789518287,
        "recall@5": -0.20198675496688745,
        "ndcg@5": -0.15161445598429724,
        "recall@10": -0.1556291390728477,
        "ndcg@10": -0.1570868697887272,
        "recall@20": -0.14238410596026485,
        "ndcg@20": -0.16632379444656892,
        "recall@100": -0.026490066225165587,
        "ndcg@100": -0.15707507470344662
      }
    },
    {
      "num_tokens": 512,
      "ratio": 0.41491085899513774,
      "index_size_mb": 418.5,
      "compression_ratio": 0.41491085899513774,
      "metrics": {
        "mrr": 0.5321445896774439,
        "recall@5": 0.7185430463576159,
        "ndcg@5": 0.3684453388616172,
        "recall@10": 0.8079470198675497,
        "ndcg@10": 0.3897975160684718,
        "recall@20": 0.8774834437086093,
        "ndcg@20": 0.4314213411603362,
        "recall@100": 0.9768211920529801,
        "ndcg@100": 0.5215350809161611
      },
      "delta_from_full": {
        "mrr": -0.060859388145409254,
        "recall@5": -0.0927152317880795,
        "ndcg@5": -0.06228809566423521,
        "recall@10": -0.06953642384105962,
        "ndcg@10": -0.06659037940238721,
        "recall@20": -0.07284768211920523,
        "ndcg@20": -0.06929910114458321,
        "recall@100": -0.009933774834437137,
        "ndcg@100": -0.06708915196865683
      }
    }
  ]
}