{
  "strategy": "uniform",
  "full_doc_tokens": 1234,
  "full_index_size_mb": 6051.90234375,
  "full_metrics": {
    "mrr": 0.6066041925820452,
    "recall@5": 0.8311258278145696,
    "ndcg@5": 0.44652740163962884,
    "recall@10": 0.8973509933774835,
    "ndcg@10": 0.47799953579752014,
    "recall@20": 0.9536423841059603,
    "ndcg@20": 0.5254142937632306,
    "recall@100": 0.9867549668874173,
    "ndcg@100": 0.6104390818812045
  },
  "ablations": [
    {
      "num_tokens": 8,
      "ratio": 0.006482982171799027,
      "index_size_mb": 39.234375,
      "compression_ratio": 0.006482982171799027,
      "metrics": {
        "mrr": 0.5496950685375634,
        "recall@5": 0.7682119205298014,
        "ndcg@5": 0.3896266250221419,
        "recall@10": 0.8675496688741722,
        "ndcg@10": 0.41665121724145154,
        "recall@20": 0.9304635761589404,
        "ndcg@20": 0.46474644650143215,
        "recall@100": 0.9867549668874173,
        "ndcg@100": 0.5564573017520099
      },
      "delta_from_full": {
        "mrr": -0.056909124044481785,
        "recall@5": -0.0629139072847682,
        "ndcg@5": -0.05690077661748694,
        "recall@10": -0.0298013245033113,
        "ndcg@10": -0.06134831855606859,
        "recall@20": -0.023178807947019875,
        "ndcg@20": -0.06066784726179841,
        "recall@100": 0.0,
        "ndcg@100": -0.053981780129194634
      }
    },
    {
      "num_tokens": 16,
      "ratio": 0.012965964343598054,
      "index_size_mb": 78.46875,
      "compression_ratio": 0.012965964343598054,
      "metrics": {
        "mrr": 0.5711339928442859,
        "recall@5": 0.7516556291390728,
        "ndcg@5": 0.40165854894399217,
        "recall@10": 0.8807947019867549,
        "ndcg@10": 0.433338188196438,
        "recall@20": 0.9470198675496688,
        "ndcg@20": 0.48100264891868916,
        "recall@100": 0.9834437086092715,
        "ndcg@100": 0.5694348051935664
      },
      "delta_from_full": {
        "mrr": -0.035470199737759334,
        "recall@5": -0.07947019867549676,
        "ndcg@5": -0.044868852695636674,
        "recall@10": -0.01655629139072856,
        "ndcg@10": -0.044661347601082146,
        "recall@20": -0.0066225165562914245,
        "ndcg@20": -0.04441164484454141,
        "recall@100": -0.0033112582781457123,
        "ndcg@100": -0.041004276687638175
      }
    },
    {
      "num_tokens": 32,
      "ratio": 0.02593192868719611,
      "index_size_mb": 156.9375,
      "compression_ratio": 0.02593192868719611,
      "metrics": {
        "mrr": 0.540351240007486,
        "recall@5": 0.7880794701986755,
        "ndcg@5": 0.39086906307121055,
        "recall@10": 0.8874172185430463,
        "ndcg@10": 0.42869581725654604,
        "recall@20": 0.9403973509933775,
        "ndcg@20": 0.4738859176896141,
        "recall@100": 0.9834437086092715,
        "ndcg@100": 0.5625115902070279
      },
      "delta_from_full": {
        "mrr": -0.06625295257455921,
        "recall@5": -0.04304635761589404,
        "ndcg@5": -0.055658338568418286,
        "recall@10": -0.009933774834437137,
        "ndcg@10": -0.049303718540974095,
        "recall@20": -0.013245033112582738,
        "ndcg@20": -0.05152837607361649,
        "recall@100": -0.0033112582781457123,
        "ndcg@100": -0.04792749167417665
      }
    },
    {
      "num_tokens": 64,
      "ratio": 0.05186385737439222,
      "index_size_mb": 313.875,
      "compression_ratio": 0.05186385737439222,
      "metrics": {
        "mrr": 0.5809330154517839,
        "recall@5": 0.8211920529801324,
        "ndcg@5": 0.4184641551950675,
        "recall@10": 0.8973509933774835,
        "ndcg@10": 0.45643615489153444,
        "recall@20": 0.9437086092715232,
        "ndcg@20": 0.5011513098397216,
        "recall@100": 0.9834437086092715,
        "ndcg@100": 0.5917178184686115
      },
      "delta_from_full": {
        "mrr": -0.025671177130261347,
        "recall@5": -0.009933774834437137,
        "ndcg@5": -0.02806324644456132,
        "recall@10": 0.0,
        "ndcg@10": -0.021563380905985696,
        "recall@20": -0.009933774834437026,
        "ndcg@20": -0.024262983923509007,
        "recall@100": -0.0033112582781457123,
        "ndcg@100": -0.01872126341259306
      }
    },
    {
      "num_tokens": 128,
      "ratio": 0.10372771474878444,
      "index_size_mb": 627.75,
      "compression_ratio": 0.10372771474878444,
      "metrics": {
        "mrr": 0.5982254003006922,
        "recall@5": 0.8178807947019867,
        "ndcg@5": 0.4273337295070105,
        "recall@10": 0.890728476821192,
        "ndcg@10": 0.4597281354745309,
        "recall@20": 0.9470198675496688,
        "ndcg@20": 0.5081274783571463,
        "recall@100": 0.9900662251655629,
        "ndcg@100": 0.5944953604963471
      },
      "delta_from_full": {
        "mrr": -0.008378792281353076,
        "recall@5": -0.013245033112582849,
        "ndcg@5": -0.019193672132618356,
        "recall@10": -0.0066225165562914245,
        "ndcg@10": -0.01827140032298924,
        "recall@20": -0.0066225165562914245,
        "ndcg@20": -0.017286815406084233,
        "recall@100": 0.0033112582781456013,
        "ndcg@100": -0.015943721384857445
      }
    },
    {
      "num_tokens": 256,
      "ratio": 0.20745542949756887,
      "index_size_mb": 1255.5,
      "compression_ratio": 0.20745542949756887,
      "metrics": {
        "mrr": 0.5930776048332816,
        "recall@5": 0.8211920529801324,
        "ndcg@5": 0.43639541221467665,
        "recall@10": 0.890728476821192,
        "ndcg@10": 0.4685549598543427,
        "recall@20": 0.9470198675496688,
        "ndcg@20": 0.5152259433140697,
        "recall@100": 0.9900662251655629,
        "ndcg@100": 0.5995956887120144
      },
      "delta_from_full": {
        "mrr": -0.013526587748763585,
        "recall@5": -0.009933774834437137,
        "ndcg@5": -0.010131989424952192,
        "recall@10": -0.0066225165562914245,
        "ndcg@10": -0.009444575943177436,
        "recall@20": -0.0066225165562914245,
        "ndcg@20": -0.010188350449160888,
        "recall@100": 0.0033112582781456013,
        "ndcg@100": -0.01084339316919014
      }
    },
    {
      "num_tokens": 512,
      "ratio": 0.41491085899513774,
      "index_size_mb": 2511.0,
      "compression_ratio": 0.41491085899513774,
      "metrics": {
        "mrr": 0.5976027303651934,
        "recall@5": 0.8443708609271523,
        "ndcg@5": 0.4431124628403553,
        "recall@10": 0.8973509933774835,
        "ndcg@10": 0.46833677942318785,
        "recall@20": 0.9503311258278145,
        "ndcg@20": 0.5147607737699279,
        "recall@100": 0.9900662251655629,
        "ndcg@100": 0.6012851291784729
      },
      "delta_from_full": {
        "mrr": -0.00900146221685183,
        "recall@5": 0.013245033112582738,
        "ndcg@5": -0.0034149387992735147,
        "recall@10": 0.0,
        "ndcg@10": -0.009662756374332282,
        "recall@20": -0.0033112582781457123,
        "ndcg@20": -0.010653519993302663,
        "recall@100": 0.0033112582781456013,
        "ndcg@100": -0.009153952702731671
      }
    }
  ]
}