{
  "strategy": "last",
  "full_doc_tokens": 1234,
  "full_index_size_mb": 16138.40625,
  "full_metrics": {
    "mrr": 0.6011534774954721,
    "recall@5": 0.804635761589404,
    "ndcg@5": 0.44353052404994525,
    "recall@10": 0.8973509933774835,
    "ndcg@10": 0.47679898247176716,
    "recall@20": 0.956953642384106,
    "ndcg@20": 0.5262584925887446,
    "recall@100": 0.9900662251655629,
    "ndcg@100": 0.6107101397256938
  },
  "ablations": [
    {
      "num_tokens": 8,
      "ratio": 0.006482982171799027,
      "index_size_mb": 104.625,
      "compression_ratio": 0.006482982171799027,
      "metrics": {
        "mrr": 0.5484405856422562,
        "recall@5": 0.7847682119205298,
        "ndcg@5": 0.3990506356802509,
        "recall@10": 0.8675496688741722,
        "ndcg@10": 0.4258159747963897,
        "recall@20": 0.9271523178807947,
        "ndcg@20": 0.4756094546594458,
        "recall@100": 0.9900662251655629,
        "ndcg@100": 0.572249632055803
      },
      "delta_from_full": {
        "mrr": -0.052712891853215926,
        "recall@5": -0.019867549668874163,
        "ndcg@5": -0.044479888369694354,
        "recall@10": -0.0298013245033113,
        "ndcg@10": -0.050983007675377445,
        "recall@20": -0.0298013245033113,
        "ndcg@20": -0.05064903792929876,
        "recall@100": 0.0,
        "ndcg@100": -0.03846050766989073
      }
    },
    {
      "num_tokens": 16,
      "ratio": 0.012965964343598054,
      "index_size_mb": 209.25,
      "compression_ratio": 0.012965964343598054,
      "metrics": {
        "mrr": 0.5295217260391253,
        "recall@5": 0.7781456953642384,
        "ndcg@5": 0.3836243399022913,
        "recall@10": 0.8642384105960265,
        "ndcg@10": 0.4161284147062497,
        "recall@20": 0.9238410596026491,
        "ndcg@20": 0.461479858466478,
        "recall@100": 0.9900662251655629,
        "ndcg@100": 0.5628358709787781
      },
      "delta_from_full": {
        "mrr": -0.07163175145634681,
        "recall@5": -0.026490066225165587,
        "ndcg@5": -0.059906184147653974,
        "recall@10": -0.03311258278145701,
        "ndcg@10": -0.060670567765517436,
        "recall@20": -0.0331125827814569,
        "ndcg@20": -0.06477863412226659,
        "recall@100": 0.0,
        "ndcg@100": -0.047874268746915694
      }
    },
    {
      "num_tokens": 32,
      "ratio": 0.02593192868719611,
      "index_size_mb": 418.5,
      "compression_ratio": 0.02593192868719611,
      "metrics": {
        "mrr": 0.5855920707017522,
        "recall@5": 0.7980132450331126,
        "ndcg@5": 0.4147439286134456,
        "recall@10": 0.8708609271523179,
        "ndcg@10": 0.4385397177230924,
        "recall@20": 0.9403973509933775,
        "ndcg@20": 0.48949641258475257,
        "recall@100": 0.9900662251655629,
        "ndcg@100": 0.5842567432030967
      },
      "delta_from_full": {
        "mrr": -0.015561406793719867,
        "recall@5": -0.0066225165562914245,
        "ndcg@5": -0.02878659543649964,
        "recall@10": -0.026490066225165587,
        "ndcg@10": -0.03825926474867475,
        "recall@20": -0.01655629139072845,
        "ndcg@20": -0.036762080003992004,
        "recall@100": 0.0,
        "ndcg@100": -0.02645339652259704
      }
    },
    {
      "num_tokens": 64,
      "ratio": 0.05186385737439222,
      "index_size_mb": 837.0,
      "compression_ratio": 0.05186385737439222,
      "metrics": {
        "mrr": 0.5833053769921871,
        "recall@5": 0.7913907284768212,
        "ndcg@5": 0.41729209290477154,
        "recall@10": 0.8741721854304636,
        "ndcg@10": 0.4386919327556763,
        "recall@20": 0.9503311258278145,
        "ndcg@20": 0.49330119253778504,
        "recall@100": 0.9900662251655629,
        "ndcg@100": 0.584998123745707
      },
      "delta_from_full": {
        "mrr": -0.017848100503285003,
        "recall@5": -0.013245033112582738,
        "ndcg@5": -0.026238431145173713,
        "recall@10": -0.023178807947019875,
        "ndcg@10": -0.03810704971609086,
        "recall@20": -0.0066225165562914245,
        "ndcg@20": -0.03295730005095954,
        "recall@100": 0.0,
        "ndcg@100": -0.025712015979986735
      }
    },
    {
      "num_tokens": 128,
      "ratio": 0.10372771474878444,
      "index_size_mb": 1674.0,
      "compression_ratio": 0.10372771474878444,
      "metrics": {
        "mrr": 0.5619670975248172,
        "recall@5": 0.8079470198675497,
        "ndcg@5": 0.4073409703407529,
        "recall@10": 0.8841059602649006,
        "ndcg@10": 0.44095783477544437,
        "recall@20": 0.9536423841059603,
        "ndcg@20": 0.4916043056300764,
        "recall@100": 0.9900662251655629,
        "ndcg@100": 0.581643819803895
      },
      "delta_from_full": {
        "mrr": -0.03918637997065488,
        "recall@5": 0.0033112582781457123,
        "ndcg@5": -0.03618955370919236,
        "recall@10": -0.013245033112582849,
        "ndcg@10": -0.035841147696322795,
        "recall@20": -0.0033112582781457123,
        "ndcg@20": -0.034654186958668176,
        "recall@100": 0.0,
        "ndcg@100": -0.029066319921798756
      }
    },
    {
      "num_tokens": 256,
      "ratio": 0.20745542949756887,
      "index_size_mb": 3348.0,
      "compression_ratio": 0.20745542949756887,
      "metrics": {
        "mrr": 0.581573404985649,
        "recall@5": 0.7913907284768212,
        "ndcg@5": 0.41840934933873064,
        "recall@10": 0.8841059602649006,
        "ndcg@10": 0.4540046442779187,
        "recall@20": 0.956953642384106,
        "ndcg@20": 0.506207499697152,
        "recall@100": 0.9900662251655629,
        "ndcg@100": 0.5938121949938467
      },
      "delta_from_full": {
        "mrr": -0.019580072509823077,
        "recall@5": -0.013245033112582738,
        "ndcg@5": -0.02512117471121461,
        "recall@10": -0.013245033112582849,
        "ndcg@10": -0.022794338193848462,
        "recall@20": 0.0,
        "ndcg@20": -0.020050992891592623,
        "recall@100": 0.0,
        "ndcg@100": -0.016897944731847026
      }
    },
    {
      "num_tokens": 512,
      "ratio": 0.41491085899513774,
      "index_size_mb": 6696.0,
      "compression_ratio": 0.41491085899513774,
      "metrics": {
        "mrr": 0.5732155528064012,
        "recall@5": 0.7814569536423841,
        "ndcg@5": 0.4196543228754822,
        "recall@10": 0.9006622516556292,
        "ndcg@10": 0.45768673848772623,
        "recall@20": 0.9668874172185431,
        "ndcg@20": 0.5081285944704426,
        "recall@100": 0.9867549668874173,
        "ndcg@100": 0.5921187554233363
      },
      "delta_from_full": {
        "mrr": -0.02793792468907086,
        "recall@5": -0.023178807947019875,
        "ndcg@5": -0.02387620117446304,
        "recall@10": 0.0033112582781457123,
        "ndcg@10": -0.019112243984040933,
        "recall@20": 0.009933774834437137,
        "ndcg@20": -0.018129898118302012,
        "recall@100": -0.0033112582781456013,
        "ndcg@100": -0.018591384302357516
      }
    }
  ]
}