{
  "strategy": "random",
  "full_doc_tokens": 1234,
  "full_index_size_mb": 1008.650390625,
  "full_metrics": {
    "mrr": 0.5930039778228532,
    "recall@5": 0.8112582781456954,
    "ndcg@5": 0.4307334345258524,
    "recall@10": 0.8774834437086093,
    "ndcg@10": 0.456387895470859,
    "recall@20": 0.9503311258278145,
    "ndcg@20": 0.5007204423049194,
    "recall@100": 0.9867549668874173,
    "ndcg@100": 0.5886242328848179
  },
  "ablations": [
    {
      "num_tokens": 8,
      "ratio": 0.006482982171799027,
      "index_size_mb": 6.5390625,
      "compression_ratio": 0.006482982171799027,
      "metrics": {
        "mrr": 0.3586200237071756,
        "recall@5": 0.5132450331125827,
        "ndcg@5": 0.20849379555608666,
        "recall@10": 0.6225165562913907,
        "ndcg@10": 0.22397205236424625,
        "recall@20": 0.7251655629139073,
        "ndcg@20": 0.2544253654802435,
        "recall@100": 0.9072847682119205,
        "ndcg@100": 0.34574215234749817
      },
      "delta_from_full": {
        "mrr": -0.23438395411567758,
        "recall@5": -0.29801324503311266,
        "ndcg@5": -0.22223963896976573,
        "recall@10": -0.2549668874172186,
        "ndcg@10": -0.23241584310661276,
        "recall@20": -0.2251655629139072,
        "ndcg@20": -0.24629507682467588,
        "recall@100": -0.07947019867549676,
        "ndcg@100": -0.24288208053731974
      }
    },
    {
      "num_tokens": 16,
      "ratio": 0.012965964343598054,
      "index_size_mb": 13.078125,
      "compression_ratio": 0.012965964343598054,
      "metrics": {
        "mrr": 0.40666757841144885,
        "recall@5": 0.6059602649006622,
        "ndcg@5": 0.24632530828476723,
        "recall@10": 0.7417218543046358,
        "ndcg@10": 0.27907287803341946,
        "recall@20": 0.8311258278145696,
        "ndcg@20": 0.3101612192556498,
        "recall@100": 0.9437086092715232,
        "ndcg@100": 0.3998533039598258
      },
      "delta_from_full": {
        "mrr": -0.18633639941140434,
        "recall@5": -0.20529801324503316,
        "ndcg@5": -0.18440812624108516,
        "recall@10": -0.13576158940397354,
        "ndcg@10": -0.17731501743743955,
        "recall@20": -0.11920529801324498,
        "ndcg@20": -0.1905592230492696,
        "recall@100": -0.04304635761589404,
        "ndcg@100": -0.1887709289249921
      }
    },
    {
      "num_tokens": 32,
      "ratio": 0.02593192868719611,
      "index_size_mb": 26.15625,
      "compression_ratio": 0.02593192868719611,
      "metrics": {
        "mrr": 0.4835455171296122,
        "recall@5": 0.6589403973509934,
        "ndcg@5": 0.3091135574812636,
        "recall@10": 0.7880794701986755,
        "ndcg@10": 0.33169290064206675,
        "recall@20": 0.8642384105960265,
        "ndcg@20": 0.3716140860274321,
        "recall@100": 0.9635761589403974,
        "ndcg@100": 0.4638355696610867
      },
      "delta_from_full": {
        "mrr": -0.109458460693241,
        "recall@5": -0.152317880794702,
        "ndcg@5": -0.12161987704458876,
        "recall@10": -0.08940397350993379,
        "ndcg@10": -0.12469499482879226,
        "recall@20": -0.08609271523178808,
        "ndcg@20": -0.1291063562774873,
        "recall@100": -0.023178807947019875,
        "ndcg@100": -0.12478866322373122
      }
    },
    {
      "num_tokens": 64,
      "ratio": 0.05186385737439222,
      "index_size_mb": 52.3125,
      "compression_ratio": 0.05186385737439222,
      "metrics": {
        "mrr": 0.4855853759605545,
        "recall@5": 0.6854304635761589,
        "ndcg@5": 0.3192543478319675,
        "recall@10": 0.8112582781456954,
        "ndcg@10": 0.35482667349416513,
        "recall@20": 0.9072847682119205,
        "ndcg@20": 0.40627487718135435,
        "recall@100": 0.9768211920529801,
        "ndcg@100": 0.4973817010185676
      },
      "delta_from_full": {
        "mrr": -0.10741860186229868,
        "recall@5": -0.1258278145695365,
        "ndcg@5": -0.1114790866938849,
        "recall@10": -0.06622516556291391,
        "ndcg@10": -0.10156122197669387,
        "recall@20": -0.04304635761589404,
        "ndcg@20": -0.09444556512356506,
        "recall@100": -0.009933774834437137,
        "ndcg@100": -0.09124253186625031
      }
    },
    {
      "num_tokens": 128,
      "ratio": 0.10372771474878444,
      "index_size_mb": 104.625,
      "compression_ratio": 0.10372771474878444,
      "metrics": {
        "mrr": 0.5346895045285016,
        "recall@5": 0.7350993377483444,
        "ndcg@5": 0.36511770818684025,
        "recall@10": 0.8609271523178808,
        "ndcg@10": 0.39766196621866523,
        "recall@20": 0.9205298013245033,
        "ndcg@20": 0.44468086540014157,
        "recall@100": 0.9834437086092715,
        "ndcg@100": 0.5362144442398136
      },
      "delta_from_full": {
        "mrr": -0.058314473294351576,
        "recall@5": -0.07615894039735105,
        "ndcg@5": -0.06561572633901214,
        "recall@10": -0.01655629139072856,
        "ndcg@10": -0.058725929252193776,
        "recall@20": -0.02980132450331119,
        "ndcg@20": -0.056039576904777844,
        "recall@100": -0.0033112582781457123,
        "ndcg@100": -0.05240978864500434
      }
    },
    {
      "num_tokens": 256,
      "ratio": 0.20745542949756887,
      "index_size_mb": 209.25,
      "compression_ratio": 0.20745542949756887,
      "metrics": {
        "mrr": 0.5593844570832569,
        "recall@5": 0.7582781456953642,
        "ndcg@5": 0.3954559651222085,
        "recall@10": 0.8609271523178808,
        "ndcg@10": 0.4256550737206632,
        "recall@20": 0.9437086092715232,
        "ndcg@20": 0.47067977461292776,
        "recall@100": 0.9867549668874173,
        "ndcg@100": 0.5600509175734028
      },
      "delta_from_full": {
        "mrr": -0.03361952073959629,
        "recall@5": -0.052980132450331174,
        "ndcg@5": -0.0352774694036439,
        "recall@10": -0.01655629139072856,
        "ndcg@10": -0.030732821750195816,
        "recall@20": -0.0066225165562913135,
        "ndcg@20": -0.03004066769199165,
        "recall@100": 0.0,
        "ndcg@100": -0.02857331531141516
      }
    },
    {
      "num_tokens": 512,
      "ratio": 0.41491085899513774,
      "index_size_mb": 418.5,
      "compression_ratio": 0.41491085899513774,
      "metrics": {
        "mrr": 0.5946462637088237,
        "recall@5": 0.8211920529801324,
        "ndcg@5": 0.43407749025870307,
        "recall@10": 0.8874172185430463,
        "ndcg@10": 0.45318024769131066,
        "recall@20": 0.9503311258278145,
        "ndcg@20": 0.5016154972706509,
        "recall@100": 0.9834437086092715,
        "ndcg@100": 0.5854712361846802
      },
      "delta_from_full": {
        "mrr": 0.0016422858859704847,
        "recall@5": 0.009933774834437026,
        "ndcg@5": 0.0033440557328506815,
        "recall@10": 0.009933774834437026,
        "ndcg@10": -0.0032076477795483505,
        "recall@20": 0.0,
        "ndcg@20": 0.000895054965731501,
        "recall@100": -0.0033112582781457123,
        "ndcg@100": -0.003152996700137689
      }
    }
  ]
}