{
  "strategy": "uniform",
  "full_doc_tokens": 1234,
  "full_index_size_mb": 16138.40625,
  "full_metrics": {
    "mrr": 0.6399745775959128,
    "recall@5": 0.8443708609271523,
    "ndcg@5": 0.45907213717618733,
    "recall@10": 0.8940397350993378,
    "ndcg@10": 0.4893620849259968,
    "recall@20": 0.956953642384106,
    "ndcg@20": 0.5359395776874686,
    "recall@100": 0.9900662251655629,
    "ndcg@100": 0.6165854264214957
  },
  "ablations": [
    {
      "num_tokens": 8,
      "ratio": 0.006482982171799027,
      "index_size_mb": 104.625,
      "compression_ratio": 0.006482982171799027,
      "metrics": {
        "mrr": 0.49685543831498935,
        "recall@5": 0.7019867549668874,
        "ndcg@5": 0.3407196807740944,
        "recall@10": 0.847682119205298,
        "ndcg@10": 0.38255135910976634,
        "recall@20": 0.9238410596026491,
        "ndcg@20": 0.4277450003384262,
        "recall@100": 0.9768211920529801,
        "ndcg@100": 0.5154379889407545
      },
      "delta_from_full": {
        "mrr": -0.14311913928092346,
        "recall@5": -0.14238410596026485,
        "ndcg@5": -0.11835245640209291,
        "recall@10": -0.04635761589403975,
        "ndcg@10": -0.10681072581623047,
        "recall@20": -0.0331125827814569,
        "ndcg@20": -0.10819457734904236,
        "recall@100": -0.013245033112582738,
        "ndcg@100": -0.10114743748074118
      }
    },
    {
      "num_tokens": 16,
      "ratio": 0.012965964343598054,
      "index_size_mb": 209.25,
      "compression_ratio": 0.012965964343598054,
      "metrics": {
        "mrr": 0.528398638579915,
        "recall@5": 0.7251655629139073,
        "ndcg@5": 0.36959538103493217,
        "recall@10": 0.847682119205298,
        "ndcg@10": 0.4012556764000113,
        "recall@20": 0.9304635761589404,
        "ndcg@20": 0.44981638119798967,
        "recall@100": 0.9735099337748344,
        "ndcg@100": 0.535945956205449
      },
      "delta_from_full": {
        "mrr": -0.11157593901599783,
        "recall@5": -0.11920529801324498,
        "ndcg@5": -0.08947675614125516,
        "recall@10": -0.04635761589403975,
        "ndcg@10": -0.0881064085259855,
        "recall@20": -0.026490066225165587,
        "ndcg@20": -0.08612319648947891,
        "recall@100": -0.01655629139072845,
        "ndcg@100": -0.08063947021604667
      }
    },
    {
      "num_tokens": 32,
      "ratio": 0.02593192868719611,
      "index_size_mb": 418.5,
      "compression_ratio": 0.02593192868719611,
      "metrics": {
        "mrr": 0.5583217586398377,
        "recall@5": 0.8013245033112583,
        "ndcg@5": 0.39775749698638674,
        "recall@10": 0.8708609271523179,
        "ndcg@10": 0.4216932920981884,
        "recall@20": 0.9238410596026491,
        "ndcg@20": 0.4644942702701486,
        "recall@100": 0.9735099337748344,
        "ndcg@100": 0.5559041362018384
      },
      "delta_from_full": {
        "mrr": -0.08165281895607512,
        "recall@5": -0.04304635761589404,
        "ndcg@5": -0.061314640189800595,
        "recall@10": -0.023178807947019875,
        "ndcg@10": -0.06766879282780841,
        "recall@20": -0.0331125827814569,
        "ndcg@20": -0.07144530741731997,
        "recall@100": -0.01655629139072845,
        "ndcg@100": -0.06068129021965729
      }
    },
    {
      "num_tokens": 64,
      "ratio": 0.05186385737439222,
      "index_size_mb": 837.0,
      "compression_ratio": 0.05186385737439222,
      "metrics": {
        "mrr": 0.6006290687030814,
        "recall@5": 0.804635761589404,
        "ndcg@5": 0.42596240735253016,
        "recall@10": 0.9006622516556292,
        "ndcg@10": 0.4576189782776128,
        "recall@20": 0.9403973509933775,
        "ndcg@20": 0.502181380962863,
        "recall@100": 0.9801324503311258,
        "ndcg@100": 0.5885110928116418
      },
      "delta_from_full": {
        "mrr": -0.03934550889283139,
        "recall@5": -0.039735099337748325,
        "ndcg@5": -0.033109729823657175,
        "recall@10": 0.0066225165562914245,
        "ndcg@10": -0.031743106648384034,
        "recall@20": -0.01655629139072845,
        "ndcg@20": -0.03375819672460556,
        "recall@100": -0.009933774834437026,
        "ndcg@100": -0.028074333609853896
      }
    },
    {
      "num_tokens": 128,
      "ratio": 0.10372771474878444,
      "index_size_mb": 1674.0,
      "compression_ratio": 0.10372771474878444,
      "metrics": {
        "mrr": 0.6128616018067472,
        "recall@5": 0.8145695364238411,
        "ndcg@5": 0.4333770274470292,
        "recall@10": 0.890728476821192,
        "ndcg@10": 0.46222972381863053,
        "recall@20": 0.9470198675496688,
        "ndcg@20": 0.5089300522983888,
        "recall@100": 0.9867549668874173,
        "ndcg@100": 0.5938862949198637
      },
      "delta_from_full": {
        "mrr": -0.027112975789165605,
        "recall@5": -0.02980132450331119,
        "ndcg@5": -0.025695109729158117,
        "recall@10": -0.0033112582781457123,
        "ndcg@10": -0.027132361107366276,
        "recall@20": -0.009933774834437137,
        "ndcg@20": -0.027009525389079747,
        "recall@100": -0.0033112582781456013,
        "ndcg@100": -0.022699131501632053
      }
    },
    {
      "num_tokens": 256,
      "ratio": 0.20745542949756887,
      "index_size_mb": 3348.0,
      "compression_ratio": 0.20745542949756887,
      "metrics": {
        "mrr": 0.6065140833803654,
        "recall@5": 0.8079470198675497,
        "ndcg@5": 0.4397017387693246,
        "recall@10": 0.8940397350993378,
        "ndcg@10": 0.47375886061045014,
        "recall@20": 0.9536423841059603,
        "ndcg@20": 0.5193106165268591,
        "recall@100": 0.9900662251655629,
        "ndcg@100": 0.6023303000368768
      },
      "delta_from_full": {
        "mrr": -0.03346049421554742,
        "recall@5": -0.03642384105960261,
        "ndcg@5": -0.01937039840686272,
        "recall@10": 0.0,
        "ndcg@10": -0.015603224315546671,
        "recall@20": -0.0033112582781457123,
        "ndcg@20": -0.016628961160609523,
        "recall@100": 0.0,
        "ndcg@100": -0.0142551263846189
      }
    },
    {
      "num_tokens": 512,
      "ratio": 0.41491085899513774,
      "index_size_mb": 6696.0,
      "compression_ratio": 0.41491085899513774,
      "metrics": {
        "mrr": 0.6178569167974108,
        "recall@5": 0.8211920529801324,
        "ndcg@5": 0.44823782852799937,
        "recall@10": 0.9039735099337748,
        "ndcg@10": 0.4864818930297021,
        "recall@20": 0.956953642384106,
        "ndcg@20": 0.5270545282564383,
        "recall@100": 0.9867549668874173,
        "ndcg@100": 0.6109310231144557
      },
      "delta_from_full": {
        "mrr": -0.02211766079850197,
        "recall@5": -0.023178807947019875,
        "ndcg@5": -0.010834308648187962,
        "recall@10": 0.009933774834437026,
        "ndcg@10": -0.002880191896294737,
        "recall@20": 0.0,
        "ndcg@20": -0.0088850494310303,
        "recall@100": -0.0033112582781456013,
        "ndcg@100": -0.005654403307040035
      }
    }
  ]
}