{
  "strategy": "random",
  "full_doc_tokens": 1234,
  "full_index_size_mb": 6051.90234375,
  "full_metrics": {
    "mrr": 0.6066041925820452,
    "recall@5": 0.8311258278145696,
    "ndcg@5": 0.44652740163962884,
    "recall@10": 0.8973509933774835,
    "ndcg@10": 0.47799953579752014,
    "recall@20": 0.9536423841059603,
    "ndcg@20": 0.5254142937632306,
    "recall@100": 0.9867549668874173,
    "ndcg@100": 0.6104390818812045
  },
  "ablations": [
    {
      "num_tokens": 8,
      "ratio": 0.006482982171799027,
      "index_size_mb": 39.234375,
      "compression_ratio": 0.006482982171799027,
      "metrics": {
        "mrr": 0.3826490799811129,
        "recall@5": 0.5728476821192053,
        "ndcg@5": 0.2463544666786044,
        "recall@10": 0.6821192052980133,
        "ndcg@10": 0.26589893675504755,
        "recall@20": 0.7947019867549668,
        "ndcg@20": 0.30658871940398746,
        "recall@100": 0.9503311258278145,
        "ndcg@100": 0.41095743146516595
      },
      "delta_from_full": {
        "mrr": -0.22395511260093232,
        "recall@5": -0.2582781456953642,
        "ndcg@5": -0.20017293496102445,
        "recall@10": -0.2152317880794702,
        "ndcg@10": -0.21210059904247258,
        "recall@20": -0.1589403973509934,
        "ndcg@20": -0.2188255743592431,
        "recall@100": -0.036423841059602724,
        "ndcg@100": -0.1994816504160386
      }
    },
    {
      "num_tokens": 16,
      "ratio": 0.012965964343598054,
      "index_size_mb": 78.46875,
      "compression_ratio": 0.012965964343598054,
      "metrics": {
        "mrr": 0.49561616124332786,
        "recall@5": 0.6721854304635762,
        "ndcg@5": 0.3215984927282283,
        "recall@10": 0.7880794701986755,
        "ndcg@10": 0.34668928473908434,
        "recall@20": 0.8774834437086093,
        "ndcg@20": 0.3841458934447096,
        "recall@100": 0.9635761589403974,
        "ndcg@100": 0.4797802757451126
      },
      "delta_from_full": {
        "mrr": -0.11098803133871737,
        "recall@5": -0.1589403973509934,
        "ndcg@5": -0.12492890891140052,
        "recall@10": -0.10927152317880795,
        "ndcg@10": -0.1313102510584358,
        "recall@20": -0.07615894039735094,
        "ndcg@20": -0.14126840031852095,
        "recall@100": -0.023178807947019875,
        "ndcg@100": -0.13065880613609193
      }
    },
    {
      "num_tokens": 32,
      "ratio": 0.02593192868719611,
      "index_size_mb": 156.9375,
      "compression_ratio": 0.02593192868719611,
      "metrics": {
        "mrr": 0.5386082452755343,
        "recall@5": 0.7417218543046358,
        "ndcg@5": 0.3779826047387068,
        "recall@10": 0.8377483443708609,
        "ndcg@10": 0.3962026496936101,
        "recall@20": 0.9039735099337748,
        "ndcg@20": 0.436631842265731,
        "recall@100": 0.9701986754966887,
        "ndcg@100": 0.5341619002665642
      },
      "delta_from_full": {
        "mrr": -0.06799594730651093,
        "recall@5": -0.08940397350993379,
        "ndcg@5": -0.06854479690092202,
        "recall@10": -0.0596026490066226,
        "ndcg@10": -0.08179688610391006,
        "recall@20": -0.04966887417218546,
        "ndcg@20": -0.08878245149749958,
        "recall@100": -0.01655629139072856,
        "ndcg@100": -0.07627718161464037
      }
    },
    {
      "num_tokens": 64,
      "ratio": 0.05186385737439222,
      "index_size_mb": 313.875,
      "compression_ratio": 0.05186385737439222,
      "metrics": {
        "mrr": 0.535995149414521,
        "recall@5": 0.7649006622516556,
        "ndcg@5": 0.3774777728860585,
        "recall@10": 0.8741721854304636,
        "ndcg@10": 0.4141019517697353,
        "recall@20": 0.9437086092715232,
        "ndcg@20": 0.4567534539290801,
        "recall@100": 0.9900662251655629,
        "ndcg@100": 0.5503807260144067
      },
      "delta_from_full": {
        "mrr": -0.07060904316752425,
        "recall@5": -0.06622516556291391,
        "ndcg@5": -0.06904962875357035,
        "recall@10": -0.023178807947019875,
        "ndcg@10": -0.06389758402778484,
        "recall@20": -0.009933774834437026,
        "ndcg@20": -0.06866083983415044,
        "recall@100": 0.0033112582781456013,
        "ndcg@100": -0.06005835586679786
      }
    },
    {
      "num_tokens": 128,
      "ratio": 0.10372771474878444,
      "index_size_mb": 627.75,
      "compression_ratio": 0.10372771474878444,
      "metrics": {
        "mrr": 0.5913627129920173,
        "recall@5": 0.7880794701986755,
        "ndcg@5": 0.4177898236820376,
        "recall@10": 0.8741721854304636,
        "ndcg@10": 0.4483082309069856,
        "recall@20": 0.9437086092715232,
        "ndcg@20": 0.49499651658556026,
        "recall@100": 0.9867549668874173,
        "ndcg@100": 0.5858930363174694
      },
      "delta_from_full": {
        "mrr": -0.015241479590027973,
        "recall@5": -0.04304635761589404,
        "ndcg@5": -0.028737577957591243,
        "recall@10": -0.023178807947019875,
        "ndcg@10": -0.02969130489053451,
        "recall@20": -0.009933774834437026,
        "ndcg@20": -0.030417777177670302,
        "recall@100": 0.0,
        "ndcg@100": -0.024546045563735186
      }
    },
    {
      "num_tokens": 256,
      "ratio": 0.20745542949756887,
      "index_size_mb": 1255.5,
      "compression_ratio": 0.20745542949756887,
      "metrics": {
        "mrr": 0.6221531098104871,
        "recall@5": 0.8211920529801324,
        "ndcg@5": 0.4414872488499498,
        "recall@10": 0.890728476821192,
        "ndcg@10": 0.4728812734025067,
        "recall@20": 0.9635761589403974,
        "ndcg@20": 0.5157015263941821,
        "recall@100": 0.9900662251655629,
        "ndcg@100": 0.6019255996044073
      },
      "delta_from_full": {
        "mrr": 0.015548917228441872,
        "recall@5": -0.009933774834437137,
        "ndcg@5": -0.005040152789679064,
        "recall@10": -0.0066225165562914245,
        "ndcg@10": -0.005118262395013451,
        "recall@20": 0.009933774834437137,
        "ndcg@20": -0.00971276736904847,
        "recall@100": 0.0033112582781456013,
        "ndcg@100": -0.008513482276797268
      }
    },
    {
      "num_tokens": 512,
      "ratio": 0.41491085899513774,
      "index_size_mb": 2511.0,
      "compression_ratio": 0.41491085899513774,
      "metrics": {
        "mrr": 0.6198653014875246,
        "recall@5": 0.8178807947019867,
        "ndcg@5": 0.44934647430376334,
        "recall@10": 0.8874172185430463,
        "ndcg@10": 0.4811287523010214,
        "recall@20": 0.9437086092715232,
        "ndcg@20": 0.526893727502932,
        "recall@100": 0.9900662251655629,
        "ndcg@100": 0.6110295168899005
      },
      "delta_from_full": {
        "mrr": 0.01326110890547938,
        "recall@5": -0.013245033112582849,
        "ndcg@5": 0.002819072664134503,
        "recall@10": -0.009933774834437137,
        "ndcg@10": 0.0031292165035012864,
        "recall@20": -0.009933774834437026,
        "ndcg@20": 0.0014794337397013857,
        "recall@100": 0.0033112582781456013,
        "ndcg@100": 0.0005904350086959331
      }
    }
  ]
}