{
  "strategy": "first",
  "full_doc_tokens": 1234,
  "full_index_size_mb": 6051.90234375,
  "full_metrics": {
    "mrr": 0.6066041925820452,
    "recall@5": 0.8311258278145696,
    "ndcg@5": 0.44652740163962884,
    "recall@10": 0.8973509933774835,
    "ndcg@10": 0.47799953579752014,
    "recall@20": 0.9536423841059603,
    "ndcg@20": 0.5254142937632306,
    "recall@100": 0.9867549668874173,
    "ndcg@100": 0.6104390818812045
  },
  "ablations": [
    {
      "num_tokens": 8,
      "ratio": 0.006482982171799027,
      "index_size_mb": 39.234375,
      "compression_ratio": 0.006482982171799027,
      "metrics": {
        "mrr": 0.034361450118512556,
        "recall@5": 0.03642384105960265,
        "ndcg@5": 0.010640621756323935,
        "recall@10": 0.04966887417218543,
        "ndcg@10": 0.010796068331788422,
        "recall@20": 0.06291390728476821,
        "ndcg@20": 0.010975502706890367,
        "recall@100": 0.2119205298013245,
        "ndcg@100": 0.02231454842416367
      },
      "delta_from_full": {
        "mrr": -0.5722427424635327,
        "recall@5": -0.794701986754967,
        "ndcg@5": -0.43588677988330493,
        "recall@10": -0.847682119205298,
        "ndcg@10": -0.4672034674657317,
        "recall@20": -0.890728476821192,
        "ndcg@20": -0.5144387910563402,
        "recall@100": -0.7748344370860928,
        "ndcg@100": -0.5881245334570409
      }
    },
    {
      "num_tokens": 16,
      "ratio": 0.012965964343598054,
      "index_size_mb": 78.46875,
      "compression_ratio": 0.012965964343598054,
      "metrics": {
        "mrr": 0.047035907215003,
        "recall@5": 0.059602649006622516,
        "ndcg@5": 0.016423453363219046,
        "recall@10": 0.076158940397351,
        "ndcg@10": 0.016006990596163697,
        "recall@20": 0.10596026490066225,
        "ndcg@20": 0.017110263354902944,
        "recall@100": 0.2947019867549669,
        "ndcg@100": 0.03238502944652032
      },
      "delta_from_full": {
        "mrr": -0.5595682853670423,
        "recall@5": -0.7715231788079471,
        "ndcg@5": -0.4301039482764098,
        "recall@10": -0.8211920529801324,
        "ndcg@10": -0.46199254520135646,
        "recall@20": -0.847682119205298,
        "ndcg@20": -0.5083040304083276,
        "recall@100": -0.6920529801324504,
        "ndcg@100": -0.5780540524346842
      }
    },
    {
      "num_tokens": 32,
      "ratio": 0.02593192868719611,
      "index_size_mb": 156.9375,
      "compression_ratio": 0.02593192868719611,
      "metrics": {
        "mrr": 0.05583130262585849,
        "recall@5": 0.076158940397351,
        "ndcg@5": 0.01950359542647135,
        "recall@10": 0.10264900662251655,
        "ndcg@10": 0.021154089801654577,
        "recall@20": 0.1390728476821192,
        "ndcg@20": 0.022466130689509825,
        "recall@100": 0.34105960264900664,
        "ndcg@100": 0.038560395499255995
      },
      "delta_from_full": {
        "mrr": -0.5507728899561868,
        "recall@5": -0.7549668874172186,
        "ndcg@5": -0.4270238062131575,
        "recall@10": -0.794701986754967,
        "ndcg@10": -0.4568454459958656,
        "recall@20": -0.814569536423841,
        "ndcg@20": -0.5029481630737207,
        "recall@100": -0.6456953642384107,
        "ndcg@100": -0.5718786863819485
      }
    },
    {
      "num_tokens": 64,
      "ratio": 0.05186385737439222,
      "index_size_mb": 313.875,
      "compression_ratio": 0.05186385737439222,
      "metrics": {
        "mrr": 0.11157530352026987,
        "recall@5": 0.17549668874172186,
        "ndcg@5": 0.04966457834465993,
        "recall@10": 0.26490066225165565,
        "ndcg@10": 0.055769830017884256,
        "recall@20": 0.3609271523178808,
        "ndcg@20": 0.06726740653724529,
        "recall@100": 0.6357615894039735,
        "ndcg@100": 0.11027385458413369
      },
      "delta_from_full": {
        "mrr": -0.49502888906177533,
        "recall@5": -0.6556291390728477,
        "ndcg@5": -0.3968628232949689,
        "recall@10": -0.6324503311258278,
        "ndcg@10": -0.42222970577963587,
        "recall@20": -0.5927152317880795,
        "ndcg@20": -0.4581468872259853,
        "recall@100": -0.3509933774834437,
        "ndcg@100": -0.5001652272970709
      }
    },
    {
      "num_tokens": 128,
      "ratio": 0.10372771474878444,
      "index_size_mb": 627.75,
      "compression_ratio": 0.10372771474878444,
      "metrics": {
        "mrr": 0.37340900425888834,
        "recall@5": 0.5496688741721855,
        "ndcg@5": 0.22693316827495003,
        "recall@10": 0.6688741721854304,
        "ndcg@10": 0.2501609651381542,
        "recall@20": 0.7847682119205298,
        "ndcg@20": 0.28903111374470825,
        "recall@100": 0.9437086092715232,
        "ndcg@100": 0.3831218300618986
      },
      "delta_from_full": {
        "mrr": -0.2331951883231569,
        "recall@5": -0.2814569536423841,
        "ndcg@5": -0.21959423336467881,
        "recall@10": -0.22847682119205304,
        "ndcg@10": -0.2278385706593659,
        "recall@20": -0.16887417218543044,
        "ndcg@20": -0.23638318001852232,
        "recall@100": -0.04304635761589404,
        "ndcg@100": -0.22731725181930595
      }
    },
    {
      "num_tokens": 256,
      "ratio": 0.20745542949756887,
      "index_size_mb": 1255.5,
      "compression_ratio": 0.20745542949756887,
      "metrics": {
        "mrr": 0.44972343172770185,
        "recall@5": 0.6423841059602649,
        "ndcg@5": 0.30111466144499216,
        "recall@10": 0.7582781456953642,
        "ndcg@10": 0.3250780218207122,
        "recall@20": 0.8708609271523179,
        "ndcg@20": 0.3686950008844922,
        "recall@100": 0.9834437086092715,
        "ndcg@100": 0.4673124738808941
      },
      "delta_from_full": {
        "mrr": -0.15688076085434338,
        "recall@5": -0.1887417218543047,
        "ndcg@5": -0.14541274019463668,
        "recall@10": -0.13907284768211925,
        "ndcg@10": -0.15292151397680792,
        "recall@20": -0.08278145695364236,
        "ndcg@20": -0.15671929287873837,
        "recall@100": -0.0033112582781457123,
        "ndcg@100": -0.14312660800031046
      }
    },
    {
      "num_tokens": 512,
      "ratio": 0.41491085899513774,
      "index_size_mb": 2511.0,
      "compression_ratio": 0.41491085899513774,
      "metrics": {
        "mrr": 0.5579075440273955,
        "recall@5": 0.7682119205298014,
        "ndcg@5": 0.3938119758234561,
        "recall@10": 0.8443708609271523,
        "ndcg@10": 0.41439707214180943,
        "recall@20": 0.9172185430463576,
        "ndcg@20": 0.4568701235417887,
        "recall@100": 0.9867549668874173,
        "ndcg@100": 0.5466981420767262
      },
      "delta_from_full": {
        "mrr": -0.048696648554649724,
        "recall@5": -0.0629139072847682,
        "ndcg@5": -0.05271542581617272,
        "recall@10": -0.052980132450331174,
        "ndcg@10": -0.0636024636557107,
        "recall@20": -0.03642384105960261,
        "ndcg@20": -0.06854417022144188,
        "recall@100": 0.0,
        "ndcg@100": -0.06374093980447837
      }
    }
  ]
}