{
  "strategy": "first",
  "full_doc_tokens": 1234,
  "full_index_size_mb": 16138.40625,
  "full_metrics": {
    "mrr": 0.6011534774954721,
    "recall@5": 0.804635761589404,
    "ndcg@5": 0.44353052404994525,
    "recall@10": 0.8973509933774835,
    "ndcg@10": 0.47679898247176716,
    "recall@20": 0.956953642384106,
    "ndcg@20": 0.5262584925887446,
    "recall@100": 0.9900662251655629,
    "ndcg@100": 0.6107101397256938
  },
  "ablations": [
    {
      "num_tokens": 8,
      "ratio": 0.006482982171799027,
      "index_size_mb": 104.625,
      "compression_ratio": 0.006482982171799027,
      "metrics": {
        "mrr": 0.03428904470166435,
        "recall@5": 0.04966887417218543,
        "ndcg@5": 0.013248090435744767,
        "recall@10": 0.052980132450331126,
        "ndcg@10": 0.011473550705444858,
        "recall@20": 0.0695364238410596,
        "ndcg@20": 0.012551300431024915,
        "recall@100": 0.23841059602649006,
        "ndcg@100": 0.022691910848563757
      },
      "delta_from_full": {
        "mrr": -0.5668644327938077,
        "recall@5": -0.7549668874172185,
        "ndcg@5": -0.4302824336142005,
        "recall@10": -0.8443708609271523,
        "ndcg@10": -0.4653254317663223,
        "recall@20": -0.8874172185430463,
        "ndcg@20": -0.5137071921577196,
        "recall@100": -0.7516556291390728,
        "ndcg@100": -0.5880182288771301
      }
    },
    {
      "num_tokens": 16,
      "ratio": 0.012965964343598054,
      "index_size_mb": 209.25,
      "compression_ratio": 0.012965964343598054,
      "metrics": {
        "mrr": 0.04593691203478604,
        "recall@5": 0.059602649006622516,
        "ndcg@5": 0.016756038234660844,
        "recall@10": 0.08609271523178808,
        "ndcg@10": 0.016541188995730115,
        "recall@20": 0.10927152317880795,
        "ndcg@20": 0.01833700535863107,
        "recall@100": 0.2980132450331126,
        "ndcg@100": 0.03337404085351621
      },
      "delta_from_full": {
        "mrr": -0.5552165654606861,
        "recall@5": -0.7450331125827815,
        "ndcg@5": -0.42677448581528443,
        "recall@10": -0.8112582781456954,
        "ndcg@10": -0.46025779347603707,
        "recall@20": -0.847682119205298,
        "ndcg@20": -0.5079214872301135,
        "recall@100": -0.6920529801324502,
        "ndcg@100": -0.5773360988721775
      }
    },
    {
      "num_tokens": 32,
      "ratio": 0.02593192868719611,
      "index_size_mb": 418.5,
      "compression_ratio": 0.02593192868719611,
      "metrics": {
        "mrr": 0.05502098333818857,
        "recall@5": 0.0695364238410596,
        "ndcg@5": 0.01868965819286381,
        "recall@10": 0.10264900662251655,
        "ndcg@10": 0.02079035155913511,
        "recall@20": 0.1490066225165563,
        "ndcg@20": 0.023143774814400202,
        "recall@100": 0.32450331125827814,
        "ndcg@100": 0.03729738330900112
      },
      "delta_from_full": {
        "mrr": -0.5461324941572835,
        "recall@5": -0.7350993377483444,
        "ndcg@5": -0.4248408658570814,
        "recall@10": -0.794701986754967,
        "ndcg@10": -0.45600863091263205,
        "recall@20": -0.8079470198675497,
        "ndcg@20": -0.5031147177743444,
        "recall@100": -0.6655629139072847,
        "ndcg@100": -0.5734127564166926
      }
    },
    {
      "num_tokens": 64,
      "ratio": 0.05186385737439222,
      "index_size_mb": 837.0,
      "compression_ratio": 0.05186385737439222,
      "metrics": {
        "mrr": 0.10183375496161931,
        "recall@5": 0.1423841059602649,
        "ndcg@5": 0.03973160742677982,
        "recall@10": 0.26158940397350994,
        "ndcg@10": 0.05159187212612283,
        "recall@20": 0.3576158940397351,
        "ndcg@20": 0.06597142652561785,
        "recall@100": 0.652317880794702,
        "ndcg@100": 0.10794632212545846
      },
      "delta_from_full": {
        "mrr": -0.4993197225338528,
        "recall@5": -0.6622516556291391,
        "ndcg@5": -0.4037989166231654,
        "recall@10": -0.6357615894039735,
        "ndcg@10": -0.42520711034564435,
        "recall@20": -0.5993377483443709,
        "ndcg@20": -0.46028706606312675,
        "recall@100": -0.3377483443708609,
        "ndcg@100": -0.5027638176002354
      }
    },
    {
      "num_tokens": 128,
      "ratio": 0.10372771474878444,
      "index_size_mb": 1674.0,
      "compression_ratio": 0.10372771474878444,
      "metrics": {
        "mrr": 0.3617943701707324,
        "recall@5": 0.5264900662251656,
        "ndcg@5": 0.22052953110774307,
        "recall@10": 0.6754966887417219,
        "ndcg@10": 0.2548704365533507,
        "recall@20": 0.7781456953642384,
        "ndcg@20": 0.2873041596862397,
        "recall@100": 0.9370860927152318,
        "ndcg@100": 0.3837781697265859
      },
      "delta_from_full": {
        "mrr": -0.2393591073247397,
        "recall@5": -0.2781456953642384,
        "ndcg@5": -0.2230009929422022,
        "recall@10": -0.2218543046357616,
        "ndcg@10": -0.2219285459184165,
        "recall@20": -0.17880794701986757,
        "ndcg@20": -0.2389543329025049,
        "recall@100": -0.05298013245033106,
        "ndcg@100": -0.22693196999910786
      }
    },
    {
      "num_tokens": 256,
      "ratio": 0.20745542949756887,
      "index_size_mb": 3348.0,
      "compression_ratio": 0.20745542949756887,
      "metrics": {
        "mrr": 0.4558479268833679,
        "recall@5": 0.6589403973509934,
        "ndcg@5": 0.3076966277609962,
        "recall@10": 0.7781456953642384,
        "ndcg@10": 0.33122992582754845,
        "recall@20": 0.8774834437086093,
        "ndcg@20": 0.36797213971271786,
        "recall@100": 0.9834437086092715,
        "ndcg@100": 0.4665802088107355
      },
      "delta_from_full": {
        "mrr": -0.1453055506121042,
        "recall@5": -0.14569536423841056,
        "ndcg@5": -0.13583389628894904,
        "recall@10": -0.11920529801324509,
        "ndcg@10": -0.1455690566442187,
        "recall@20": -0.07947019867549665,
        "ndcg@20": -0.15828635287602671,
        "recall@100": -0.0066225165562913135,
        "ndcg@100": -0.1441299309149583
      }
    },
    {
      "num_tokens": 512,
      "ratio": 0.41491085899513774,
      "index_size_mb": 6696.0,
      "compression_ratio": 0.41491085899513774,
      "metrics": {
        "mrr": 0.5674612110793725,
        "recall@5": 0.7649006622516556,
        "ndcg@5": 0.40003362579367174,
        "recall@10": 0.8344370860927153,
        "ndcg@10": 0.4171059254842812,
        "recall@20": 0.9238410596026491,
        "ndcg@20": 0.46309888167943647,
        "recall@100": 0.9867549668874173,
        "ndcg@100": 0.5525494415018345
      },
      "delta_from_full": {
        "mrr": -0.03369226641609957,
        "recall@5": -0.039735099337748325,
        "ndcg@5": -0.04349689825627351,
        "recall@10": -0.0629139072847682,
        "ndcg@10": -0.05969305698748595,
        "recall@20": -0.0331125827814569,
        "ndcg@20": -0.0631596109093081,
        "recall@100": -0.0033112582781456013,
        "ndcg@100": -0.058160698223859275
      }
    }
  ]
}