{
  "strategy": "uniform",
  "full_doc_tokens": 1234,
  "full_index_size_mb": 1008.650390625,
  "full_metrics": {
    "mrr": 0.5930039778228532,
    "recall@5": 0.8112582781456954,
    "ndcg@5": 0.4307334345258524,
    "recall@10": 0.8774834437086093,
    "ndcg@10": 0.456387895470859,
    "recall@20": 0.9503311258278145,
    "ndcg@20": 0.5007204423049194,
    "recall@100": 0.9867549668874173,
    "ndcg@100": 0.5886242328848179
  },
  "ablations": [
    {
      "num_tokens": 8,
      "ratio": 0.006482982171799027,
      "index_size_mb": 6.5390625,
      "compression_ratio": 0.006482982171799027,
      "metrics": {
        "mrr": 0.5168308062094593,
        "recall@5": 0.7384105960264901,
        "ndcg@5": 0.3650359788236586,
        "recall@10": 0.8377483443708609,
        "ndcg@10": 0.38925187792969257,
        "recall@20": 0.8940397350993378,
        "ndcg@20": 0.4267904110466046,
        "recall@100": 0.9768211920529801,
        "ndcg@100": 0.5230784836492343
      },
      "delta_from_full": {
        "mrr": -0.07617317161339388,
        "recall@5": -0.07284768211920534,
        "ndcg@5": -0.06569745570219376,
        "recall@10": -0.039735099337748436,
        "ndcg@10": -0.06713601754116644,
        "recall@20": -0.056291390728476776,
        "ndcg@20": -0.07393003125831482,
        "recall@100": -0.009933774834437137,
        "ndcg@100": -0.06554574923558365
      }
    },
    {
      "num_tokens": 16,
      "ratio": 0.012965964343598054,
      "index_size_mb": 13.078125,
      "compression_ratio": 0.012965964343598054,
      "metrics": {
        "mrr": 0.5360505919117875,
        "recall@5": 0.7682119205298014,
        "ndcg@5": 0.3799666585490506,
        "recall@10": 0.8443708609271523,
        "ndcg@10": 0.40498754546387533,
        "recall@20": 0.9006622516556292,
        "ndcg@20": 0.44385957639815754,
        "recall@100": 0.9834437086092715,
        "ndcg@100": 0.5367391522671937
      },
      "delta_from_full": {
        "mrr": -0.05695338591106569,
        "recall@5": -0.04304635761589404,
        "ndcg@5": -0.05076677597680179,
        "recall@10": -0.03311258278145701,
        "ndcg@10": -0.051400350006983675,
        "recall@20": -0.04966887417218535,
        "ndcg@20": -0.05686086590676187,
        "recall@100": -0.0033112582781457123,
        "ndcg@100": -0.0518850806176242
      }
    },
    {
      "num_tokens": 32,
      "ratio": 0.02593192868719611,
      "index_size_mb": 26.15625,
      "compression_ratio": 0.02593192868719611,
      "metrics": {
        "mrr": 0.5286679536984454,
        "recall@5": 0.7317880794701986,
        "ndcg@5": 0.37709576361599445,
        "recall@10": 0.8377483443708609,
        "ndcg@10": 0.4008579275943689,
        "recall@20": 0.9105960264900662,
        "ndcg@20": 0.4462300530864292,
        "recall@100": 0.9867549668874173,
        "ndcg@100": 0.5397987189211221
      },
      "delta_from_full": {
        "mrr": -0.06433602412440775,
        "recall@5": -0.07947019867549676,
        "ndcg@5": -0.05363767090985794,
        "recall@10": -0.039735099337748436,
        "ndcg@10": -0.055529967876490116,
        "recall@20": -0.039735099337748325,
        "ndcg@20": -0.0544903892184902,
        "recall@100": 0.0,
        "ndcg@100": -0.04882551396369583
      }
    },
    {
      "num_tokens": 64,
      "ratio": 0.05186385737439222,
      "index_size_mb": 52.3125,
      "compression_ratio": 0.05186385737439222,
      "metrics": {
        "mrr": 0.554506542915322,
        "recall@5": 0.7715231788079471,
        "ndcg@5": 0.39572844382757855,
        "recall@10": 0.8509933774834437,
        "ndcg@10": 0.4210145160665927,
        "recall@20": 0.9238410596026491,
        "ndcg@20": 0.47032309930027943,
        "recall@100": 0.9801324503311258,
        "ndcg@100": 0.559637397717211
      },
      "delta_from_full": {
        "mrr": -0.038497434907531214,
        "recall@5": -0.039735099337748325,
        "ndcg@5": -0.03500499069827384,
        "recall@10": -0.026490066225165587,
        "ndcg@10": -0.035373379404266325,
        "recall@20": -0.026490066225165476,
        "ndcg@20": -0.030397343004639976,
        "recall@100": -0.0066225165562914245,
        "ndcg@100": -0.028986835167606917
      }
    },
    {
      "num_tokens": 128,
      "ratio": 0.10372771474878444,
      "index_size_mb": 104.625,
      "compression_ratio": 0.10372771474878444,
      "metrics": {
        "mrr": 0.5949283081908044,
        "recall@5": 0.7947019867549668,
        "ndcg@5": 0.4162254523325666,
        "recall@10": 0.8807947019867549,
        "ndcg@10": 0.44327483017637964,
        "recall@20": 0.9337748344370861,
        "ndcg@20": 0.4874517334549128,
        "recall@100": 0.9867549668874173,
        "ndcg@100": 0.5767704718651715
      },
      "delta_from_full": {
        "mrr": 0.0019243303679512547,
        "recall@5": -0.01655629139072856,
        "ndcg@5": -0.014507982193285807,
        "recall@10": 0.0033112582781456013,
        "ndcg@10": -0.013113065294479365,
        "recall@20": -0.01655629139072845,
        "ndcg@20": -0.013268708850006639,
        "recall@100": 0.0,
        "ndcg@100": -0.011853761019646414
      }
    },
    {
      "num_tokens": 256,
      "ratio": 0.20745542949756887,
      "index_size_mb": 209.25,
      "compression_ratio": 0.20745542949756887,
      "metrics": {
        "mrr": 0.5889705330962184,
        "recall@5": 0.7980132450331126,
        "ndcg@5": 0.42216648977618265,
        "recall@10": 0.8741721854304636,
        "ndcg@10": 0.45035646024963655,
        "recall@20": 0.9503311258278145,
        "ndcg@20": 0.497125568153776,
        "recall@100": 0.9867549668874173,
        "ndcg@100": 0.581705723062506
      },
      "delta_from_full": {
        "mrr": -0.004033444726634805,
        "recall@5": -0.013245033112582849,
        "ndcg@5": -0.008566944749669736,
        "recall@10": -0.0033112582781457123,
        "ndcg@10": -0.006031435221222459,
        "recall@20": 0.0,
        "ndcg@20": -0.0035948741511434013,
        "recall@100": 0.0,
        "ndcg@100": -0.006918509822311902
      }
    },
    {
      "num_tokens": 512,
      "ratio": 0.41491085899513774,
      "index_size_mb": 418.5,
      "compression_ratio": 0.41491085899513774,
      "metrics": {
        "mrr": 0.590508399828122,
        "recall@5": 0.8145695364238411,
        "ndcg@5": 0.42849977502943987,
        "recall@10": 0.8774834437086093,
        "ndcg@10": 0.4521525855765756,
        "recall@20": 0.9503311258278145,
        "ndcg@20": 0.4991069671866834,
        "recall@100": 0.9834437086092715,
        "ndcg@100": 0.5846192268615262
      },
      "delta_from_full": {
        "mrr": -0.002495577994731213,
        "recall@5": 0.0033112582781457123,
        "ndcg@5": -0.002233659496412521,
        "recall@10": 0.0,
        "ndcg@10": -0.00423530989428339,
        "recall@20": 0.0,
        "ndcg@20": -0.0016134751182360074,
        "recall@100": -0.0033112582781457123,
        "ndcg@100": -0.0040050060232916795
      }
    }
  ]
}