{
  "strategy": "random",
  "full_doc_tokens": 1234,
  "full_index_size_mb": 16138.40625,
  "full_metrics": {
    "mrr": 0.6011534774954721,
    "recall@5": 0.804635761589404,
    "ndcg@5": 0.44353052404994525,
    "recall@10": 0.8973509933774835,
    "ndcg@10": 0.47679898247176716,
    "recall@20": 0.956953642384106,
    "ndcg@20": 0.5262584925887446,
    "recall@100": 0.9900662251655629,
    "ndcg@100": 0.6107101397256938
  },
  "ablations": [
    {
      "num_tokens": 8,
      "ratio": 0.006482982171799027,
      "index_size_mb": 104.625,
      "compression_ratio": 0.006482982171799027,
      "metrics": {
        "mrr": 0.3884837844830707,
        "recall@5": 0.5596026490066225,
        "ndcg@5": 0.23647651454532018,
        "recall@10": 0.6887417218543046,
        "ndcg@10": 0.2596768694310231,
        "recall@20": 0.7814569536423841,
        "ndcg@20": 0.29688254700593864,
        "recall@100": 0.956953642384106,
        "ndcg@100": 0.40344640651916686
      },
      "delta_from_full": {
        "mrr": -0.2126696930124014,
        "recall@5": -0.2450331125827815,
        "ndcg@5": -0.20705400950462508,
        "recall@10": -0.20860927152317887,
        "ndcg@10": -0.21712211304074408,
        "recall@20": -0.17549668874172186,
        "ndcg@20": -0.22937594558280594,
        "recall@100": -0.0331125827814569,
        "ndcg@100": -0.2072637332065269
      }
    },
    {
      "num_tokens": 16,
      "ratio": 0.012965964343598054,
      "index_size_mb": 209.25,
      "compression_ratio": 0.012965964343598054,
      "metrics": {
        "mrr": 0.4727662486145464,
        "recall@5": 0.6490066225165563,
        "ndcg@5": 0.3056491425044214,
        "recall@10": 0.7748344370860927,
        "ndcg@10": 0.33538290197126,
        "recall@20": 0.8509933774834437,
        "ndcg@20": 0.3691500521688217,
        "recall@100": 0.9602649006622517,
        "ndcg@100": 0.4678361501193297
      },
      "delta_from_full": {
        "mrr": -0.12838722888092569,
        "recall@5": -0.1556291390728477,
        "ndcg@5": -0.13788138154552387,
        "recall@10": -0.1225165562913908,
        "ndcg@10": -0.1414160805005072,
        "recall@20": -0.10596026490066224,
        "ndcg@20": -0.1571084404199229,
        "recall@100": -0.02980132450331119,
        "ndcg@100": -0.14287398960636405
      }
    },
    {
      "num_tokens": 32,
      "ratio": 0.02593192868719611,
      "index_size_mb": 418.5,
      "compression_ratio": 0.02593192868719611,
      "metrics": {
        "mrr": 0.5376957971886325,
        "recall@5": 0.7549668874172185,
        "ndcg@5": 0.3592879797462934,
        "recall@10": 0.8278145695364238,
        "ndcg@10": 0.38403250011965934,
        "recall@20": 0.9072847682119205,
        "ndcg@20": 0.423919781100509,
        "recall@100": 0.9768211920529801,
        "ndcg@100": 0.5201338301394149
      },
      "delta_from_full": {
        "mrr": -0.06345768030683963,
        "recall@5": -0.04966887417218546,
        "ndcg@5": -0.08424254430365186,
        "recall@10": -0.06953642384105962,
        "ndcg@10": -0.09276648235210783,
        "recall@20": -0.04966887417218546,
        "ndcg@20": -0.10233871148823559,
        "recall@100": -0.013245033112582738,
        "ndcg@100": -0.09057630958627882
      }
    },
    {
      "num_tokens": 64,
      "ratio": 0.05186385737439222,
      "index_size_mb": 837.0,
      "compression_ratio": 0.05186385737439222,
      "metrics": {
        "mrr": 0.5413207155916717,
        "recall@5": 0.7549668874172185,
        "ndcg@5": 0.38295355070450904,
        "recall@10": 0.8807947019867549,
        "ndcg@10": 0.4147440582615153,
        "recall@20": 0.9271523178807947,
        "ndcg@20": 0.45830808805811124,
        "recall@100": 0.9900662251655629,
        "ndcg@100": 0.5554055665223786
      },
      "delta_from_full": {
        "mrr": -0.05983276190380038,
        "recall@5": -0.04966887417218546,
        "ndcg@5": -0.060576973345436214,
        "recall@10": -0.01655629139072856,
        "ndcg@10": -0.06205492421025188,
        "recall@20": -0.0298013245033113,
        "ndcg@20": -0.06795040453063333,
        "recall@100": 0.0,
        "ndcg@100": -0.055304573203315166
      }
    },
    {
      "num_tokens": 128,
      "ratio": 0.10372771474878444,
      "index_size_mb": 1674.0,
      "compression_ratio": 0.10372771474878444,
      "metrics": {
        "mrr": 0.5968414259594603,
        "recall@5": 0.7847682119205298,
        "ndcg@5": 0.41978957213210893,
        "recall@10": 0.8841059602649006,
        "ndcg@10": 0.4474042566563373,
        "recall@20": 0.9635761589403974,
        "ndcg@20": 0.4982634433539369,
        "recall@100": 0.9900662251655629,
        "ndcg@100": 0.5907732738113397
      },
      "delta_from_full": {
        "mrr": -0.004312051536011774,
        "recall@5": -0.019867549668874163,
        "ndcg@5": -0.023740951917836317,
        "recall@10": -0.013245033112582849,
        "ndcg@10": -0.029394725815429845,
        "recall@20": 0.0066225165562914245,
        "ndcg@20": -0.027995049234807667,
        "recall@100": 0.0,
        "ndcg@100": -0.019936865914354063
      }
    },
    {
      "num_tokens": 256,
      "ratio": 0.20745542949756887,
      "index_size_mb": 3348.0,
      "compression_ratio": 0.20745542949756887,
      "metrics": {
        "mrr": 0.6120624082887627,
        "recall@5": 0.8145695364238411,
        "ndcg@5": 0.43319584867899624,
        "recall@10": 0.8940397350993378,
        "ndcg@10": 0.46906366485934836,
        "recall@20": 0.9602649006622517,
        "ndcg@20": 0.5095015091878217,
        "recall@100": 0.9900662251655629,
        "ndcg@100": 0.5996137070774459
      },
      "delta_from_full": {
        "mrr": 0.010908930793290583,
        "recall@5": 0.009933774834437137,
        "ndcg@5": -0.010334675370949009,
        "recall@10": -0.0033112582781457123,
        "ndcg@10": -0.007735317612418802,
        "recall@20": 0.0033112582781457123,
        "ndcg@20": -0.01675698340092291,
        "recall@100": 0.0,
        "ndcg@100": -0.01109643264824789
      }
    },
    {
      "num_tokens": 512,
      "ratio": 0.41491085899513774,
      "index_size_mb": 6696.0,
      "compression_ratio": 0.41491085899513774,
      "metrics": {
        "mrr": 0.5976296493733357,
        "recall@5": 0.7980132450331126,
        "ndcg@5": 0.4344481345100421,
        "recall@10": 0.8940397350993378,
        "ndcg@10": 0.47376693588095137,
        "recall@20": 0.9536423841059603,
        "ndcg@20": 0.521093943832533,
        "recall@100": 0.9900662251655629,
        "ndcg@100": 0.6047821210280718
      },
      "delta_from_full": {
        "mrr": -0.003523828122136363,
        "recall@5": -0.0066225165562914245,
        "ndcg@5": -0.009082389539903146,
        "recall@10": -0.0033112582781457123,
        "ndcg@10": -0.0030320465908157956,
        "recall@20": -0.0033112582781457123,
        "ndcg@20": -0.005164548756211529,
        "recall@100": 0.0,
        "ndcg@100": -0.0059280186976219396
      }
    }
  ]
}