{
  "strategy": "last",
  "full_doc_tokens": 1234,
  "full_index_size_mb": 1008.650390625,
  "full_metrics": {
    "mrr": 0.5930039778228532,
    "recall@5": 0.8112582781456954,
    "ndcg@5": 0.4307334345258524,
    "recall@10": 0.8774834437086093,
    "ndcg@10": 0.456387895470859,
    "recall@20": 0.9503311258278145,
    "ndcg@20": 0.5007204423049194,
    "recall@100": 0.9867549668874173,
    "ndcg@100": 0.5886242328848179
  },
  "ablations": [
    {
      "num_tokens": 8,
      "ratio": 0.006482982171799027,
      "index_size_mb": 6.5390625,
      "compression_ratio": 0.006482982171799027,
      "metrics": {
        "mrr": 0.508596908962855,
        "recall@5": 0.7317880794701986,
        "ndcg@5": 0.3546164241939898,
        "recall@10": 0.8344370860927153,
        "ndcg@10": 0.3778823323349862,
        "recall@20": 0.9172185430463576,
        "ndcg@20": 0.4236493727057547,
        "recall@100": 0.9801324503311258,
        "ndcg@100": 0.5154514594854036
      },
      "delta_from_full": {
        "mrr": -0.08440706885999816,
        "recall@5": -0.07947019867549676,
        "ndcg@5": -0.07611701033186258,
        "recall@10": -0.04304635761589404,
        "ndcg@10": -0.07850556313587281,
        "recall@20": -0.0331125827814569,
        "ndcg@20": -0.07707106959916471,
        "recall@100": -0.0066225165562914245,
        "ndcg@100": -0.0731727733994143
      }
    },
    {
      "num_tokens": 16,
      "ratio": 0.012965964343598054,
      "index_size_mb": 13.078125,
      "compression_ratio": 0.012965964343598054,
      "metrics": {
        "mrr": 0.48862774441502094,
        "recall@5": 0.7350993377483444,
        "ndcg@5": 0.3385166387769008,
        "recall@10": 0.847682119205298,
        "ndcg@10": 0.3655042971716859,
        "recall@20": 0.9172185430463576,
        "ndcg@20": 0.4167282876301482,
        "recall@100": 0.9801324503311258,
        "ndcg@100": 0.5076651049800444
      },
      "delta_from_full": {
        "mrr": -0.10437623340783225,
        "recall@5": -0.07615894039735105,
        "ndcg@5": -0.09221679574895159,
        "recall@10": -0.0298013245033113,
        "ndcg@10": -0.09088359829917309,
        "recall@20": -0.0331125827814569,
        "ndcg@20": -0.08399215467477122,
        "recall@100": -0.0066225165562914245,
        "ndcg@100": -0.08095912790477355
      }
    },
    {
      "num_tokens": 32,
      "ratio": 0.02593192868719611,
      "index_size_mb": 26.15625,
      "compression_ratio": 0.02593192868719611,
      "metrics": {
        "mrr": 0.5578937832340651,
        "recall@5": 0.7748344370860927,
        "ndcg@5": 0.3854466821143995,
        "recall@10": 0.8675496688741722,
        "ndcg@10": 0.40687980034001514,
        "recall@20": 0.9304635761589404,
        "ndcg@20": 0.4523751254530746,
        "recall@100": 0.9834437086092715,
        "ndcg@100": 0.5438868896148867
      },
      "delta_from_full": {
        "mrr": -0.03511019458878806,
        "recall@5": -0.036423841059602724,
        "ndcg@5": -0.04528675241145291,
        "recall@10": -0.009933774834437137,
        "ndcg@10": -0.049508095130843865,
        "recall@20": -0.019867549668874163,
        "ndcg@20": -0.04834531685184479,
        "recall@100": -0.0033112582781457123,
        "ndcg@100": -0.044737343269931173
      }
    },
    {
      "num_tokens": 64,
      "ratio": 0.05186385737439222,
      "index_size_mb": 52.3125,
      "compression_ratio": 0.05186385737439222,
      "metrics": {
        "mrr": 0.5691299644585661,
        "recall@5": 0.7748344370860927,
        "ndcg@5": 0.3905070355380552,
        "recall@10": 0.8741721854304636,
        "ndcg@10": 0.4141371536151373,
        "recall@20": 0.9370860927152318,
        "ndcg@20": 0.4616333292054926,
        "recall@100": 0.9834437086092715,
        "ndcg@100": 0.5511726859703648
      },
      "delta_from_full": {
        "mrr": -0.023874013364287072,
        "recall@5": -0.036423841059602724,
        "ndcg@5": -0.040226398987797174,
        "recall@10": -0.0033112582781457123,
        "ndcg@10": -0.042250741855721696,
        "recall@20": -0.013245033112582738,
        "ndcg@20": -0.03908711309942681,
        "recall@100": -0.0033112582781457123,
        "ndcg@100": -0.03745154691445307
      }
    },
    {
      "num_tokens": 128,
      "ratio": 0.10372771474878444,
      "index_size_mb": 104.625,
      "compression_ratio": 0.10372771474878444,
      "metrics": {
        "mrr": 0.5517337593445751,
        "recall@5": 0.7847682119205298,
        "ndcg@5": 0.3901469234954852,
        "recall@10": 0.8973509933774835,
        "ndcg@10": 0.41860804669551255,
        "recall@20": 0.9403973509933775,
        "ndcg@20": 0.4635035999925604,
        "recall@100": 0.9867549668874173,
        "ndcg@100": 0.5558129097603058
      },
      "delta_from_full": {
        "mrr": -0.04127021847827805,
        "recall@5": -0.026490066225165587,
        "ndcg@5": -0.0405865110303672,
        "recall@10": 0.019867549668874163,
        "ndcg@10": -0.03777984877534646,
        "recall@20": -0.009933774834437026,
        "ndcg@20": -0.037216842312359,
        "recall@100": 0.0,
        "ndcg@100": -0.03281132312451207
      }
    },
    {
      "num_tokens": 256,
      "ratio": 0.20745542949756887,
      "index_size_mb": 209.25,
      "compression_ratio": 0.20745542949756887,
      "metrics": {
        "mrr": 0.5430417688784487,
        "recall@5": 0.7781456953642384,
        "ndcg@5": 0.39379488541537994,
        "recall@10": 0.8741721854304636,
        "ndcg@10": 0.42327169996795044,
        "recall@20": 0.9503311258278145,
        "ndcg@20": 0.4756804956909878,
        "recall@100": 0.9867549668874173,
        "ndcg@100": 0.5626230594494146
      },
      "delta_from_full": {
        "mrr": -0.04996220894440451,
        "recall@5": -0.03311258278145701,
        "ndcg@5": -0.03693854911047245,
        "recall@10": -0.0033112582781457123,
        "ndcg@10": -0.03311619550290856,
        "recall@20": 0.0,
        "ndcg@20": -0.025039946613931607,
        "recall@100": 0.0,
        "ndcg@100": -0.026001173435403313
      }
    },
    {
      "num_tokens": 512,
      "ratio": 0.41491085899513774,
      "index_size_mb": 418.5,
      "compression_ratio": 0.41491085899513774,
      "metrics": {
        "mrr": 0.5635947481085127,
        "recall@5": 0.7913907284768212,
        "ndcg@5": 0.4063040026885448,
        "recall@10": 0.8774834437086093,
        "ndcg@10": 0.4391492569052716,
        "recall@20": 0.956953642384106,
        "ndcg@20": 0.48854271148155665,
        "recall@100": 0.9867549668874173,
        "ndcg@100": 0.571449859380312
      },
      "delta_from_full": {
        "mrr": -0.029409229714340457,
        "recall@5": -0.019867549668874163,
        "ndcg@5": -0.024429431837307614,
        "recall@10": 0.0,
        "ndcg@10": -0.017238638565587383,
        "recall@20": 0.0066225165562914245,
        "ndcg@20": -0.012177730823362765,
        "recall@100": 0.0,
        "ndcg@100": -0.017174373504505902
      }
    }
  ]
}