{
  "strategy": "last",
  "full_doc_tokens": 1234,
  "full_index_size_mb": 6051.90234375,
  "full_metrics": {
    "mrr": 0.6066041925820452,
    "recall@5": 0.8311258278145696,
    "ndcg@5": 0.44652740163962884,
    "recall@10": 0.8973509933774835,
    "ndcg@10": 0.47799953579752014,
    "recall@20": 0.9536423841059603,
    "ndcg@20": 0.5254142937632306,
    "recall@100": 0.9867549668874173,
    "ndcg@100": 0.6104390818812045
  },
  "ablations": [
    {
      "num_tokens": 8,
      "ratio": 0.006482982171799027,
      "index_size_mb": 39.234375,
      "compression_ratio": 0.006482982171799027,
      "metrics": {
        "mrr": 0.5502163974865586,
        "recall@5": 0.7847682119205298,
        "ndcg@5": 0.3987722949277438,
        "recall@10": 0.8642384105960265,
        "ndcg@10": 0.4254821189507092,
        "recall@20": 0.9205298013245033,
        "ndcg@20": 0.47006014751301317,
        "recall@100": 0.9900662251655629,
        "ndcg@100": 0.5664428492544317
      },
      "delta_from_full": {
        "mrr": -0.05638779509548664,
        "recall@5": -0.04635761589403975,
        "ndcg@5": -0.04775510671188504,
        "recall@10": -0.03311258278145701,
        "ndcg@10": -0.05251741684681094,
        "recall@20": -0.0331125827814569,
        "ndcg@20": -0.055354146250217395,
        "recall@100": 0.0033112582781456013,
        "ndcg@100": -0.04399623262677288
      }
    },
    {
      "num_tokens": 16,
      "ratio": 0.012965964343598054,
      "index_size_mb": 78.46875,
      "compression_ratio": 0.012965964343598054,
      "metrics": {
        "mrr": 0.5387989008419637,
        "recall@5": 0.7615894039735099,
        "ndcg@5": 0.3790224829213782,
        "recall@10": 0.8443708609271523,
        "ndcg@10": 0.4071949568963925,
        "recall@20": 0.9139072847682119,
        "ndcg@20": 0.4560248323468199,
        "recall@100": 0.9867549668874173,
        "ndcg@100": 0.55431478160139
      },
      "delta_from_full": {
        "mrr": -0.06780529174008154,
        "recall@5": -0.06953642384105962,
        "ndcg@5": -0.06750491871825065,
        "recall@10": -0.052980132450331174,
        "ndcg@10": -0.07080457890112762,
        "recall@20": -0.039735099337748325,
        "ndcg@20": -0.06938946141641067,
        "recall@100": 0.0,
        "ndcg@100": -0.05612430027981452
      }
    },
    {
      "num_tokens": 32,
      "ratio": 0.02593192868719611,
      "index_size_mb": 156.9375,
      "compression_ratio": 0.02593192868719611,
      "metrics": {
        "mrr": 0.5808732175350755,
        "recall@5": 0.7980132450331126,
        "ndcg@5": 0.4149809738281892,
        "recall@10": 0.8841059602649006,
        "ndcg@10": 0.43990278057301757,
        "recall@20": 0.9304635761589404,
        "ndcg@20": 0.482265957609531,
        "recall@100": 0.9834437086092715,
        "ndcg@100": 0.5752531715970058
      },
      "delta_from_full": {
        "mrr": -0.02573097504696975,
        "recall@5": -0.03311258278145701,
        "ndcg@5": -0.031546427811439626,
        "recall@10": -0.013245033112582849,
        "ndcg@10": -0.038096755224502565,
        "recall@20": -0.023178807947019875,
        "ndcg@20": -0.04314833615369956,
        "recall@100": -0.0033112582781457123,
        "ndcg@100": -0.03518591028419871
      }
    },
    {
      "num_tokens": 64,
      "ratio": 0.05186385737439222,
      "index_size_mb": 313.875,
      "compression_ratio": 0.05186385737439222,
      "metrics": {
        "mrr": 0.5740595538393345,
        "recall@5": 0.7847682119205298,
        "ndcg@5": 0.4126724732009027,
        "recall@10": 0.8940397350993378,
        "ndcg@10": 0.4380229961057442,
        "recall@20": 0.9437086092715232,
        "ndcg@20": 0.4854035816427241,
        "recall@100": 0.9867549668874173,
        "ndcg@100": 0.5772879921148965
      },
      "delta_from_full": {
        "mrr": -0.03254463874271074,
        "recall@5": -0.04635761589403975,
        "ndcg@5": -0.03385492843872612,
        "recall@10": -0.0033112582781457123,
        "ndcg@10": -0.03997653969177595,
        "recall@20": -0.009933774834437026,
        "ndcg@20": -0.04001071212050644,
        "recall@100": 0.0,
        "ndcg@100": -0.033151089766308095
      }
    },
    {
      "num_tokens": 128,
      "ratio": 0.10372771474878444,
      "index_size_mb": 627.75,
      "compression_ratio": 0.10372771474878444,
      "metrics": {
        "mrr": 0.5911532294296907,
        "recall@5": 0.804635761589404,
        "ndcg@5": 0.41659611708515737,
        "recall@10": 0.8973509933774835,
        "ndcg@10": 0.45068988504462093,
        "recall@20": 0.9470198675496688,
        "ndcg@20": 0.495798055588422,
        "recall@100": 0.9900662251655629,
        "ndcg@100": 0.5861628158045064
      },
      "delta_from_full": {
        "mrr": -0.015450963152354502,
        "recall@5": -0.026490066225165587,
        "ndcg@5": -0.02993128455447147,
        "recall@10": 0.0,
        "ndcg@10": -0.027309650752899206,
        "recall@20": -0.0066225165562914245,
        "ndcg@20": -0.029616238174808573,
        "recall@100": 0.0033112582781456013,
        "ndcg@100": -0.024276266076698194
      }
    },
    {
      "num_tokens": 256,
      "ratio": 0.20745542949756887,
      "index_size_mb": 1255.5,
      "compression_ratio": 0.20745542949756887,
      "metrics": {
        "mrr": 0.6024639169576333,
        "recall@5": 0.8145695364238411,
        "ndcg@5": 0.43071174324090417,
        "recall@10": 0.8940397350993378,
        "ndcg@10": 0.4606595861787895,
        "recall@20": 0.9536423841059603,
        "ndcg@20": 0.5090090283112325,
        "recall@100": 0.9900662251655629,
        "ndcg@100": 0.5969755168483795
      },
      "delta_from_full": {
        "mrr": -0.004140275624411882,
        "recall@5": -0.01655629139072845,
        "ndcg@5": -0.015815658398724675,
        "recall@10": -0.0033112582781457123,
        "ndcg@10": -0.017339949618730643,
        "recall@20": 0.0,
        "ndcg@20": -0.016405265451998052,
        "recall@100": 0.0033112582781456013,
        "ndcg@100": -0.013463565032825087
      }
    },
    {
      "num_tokens": 512,
      "ratio": 0.41491085899513774,
      "index_size_mb": 2511.0,
      "compression_ratio": 0.41491085899513774,
      "metrics": {
        "mrr": 0.5934820896895296,
        "recall@5": 0.8278145695364238,
        "ndcg@5": 0.4327360185153497,
        "recall@10": 0.9039735099337748,
        "ndcg@10": 0.4652606904066938,
        "recall@20": 0.9668874172185431,
        "ndcg@20": 0.5107127315642982,
        "recall@100": 0.9867549668874173,
        "ndcg@100": 0.5938446624896372
      },
      "delta_from_full": {
        "mrr": -0.013122102892515586,
        "recall@5": -0.0033112582781457123,
        "ndcg@5": -0.013791383124279133,
        "recall@10": 0.0066225165562913135,
        "ndcg@10": -0.012738845390826314,
        "recall@20": 0.013245033112582849,
        "ndcg@20": -0.014701562198932372,
        "recall@100": 0.0,
        "ndcg@100": -0.01659441939156736
      }
    }
  ]
}