{
  "task": "Vidore3PhysicsRetrieval.v2",
  "alpha": 4.0,
  "strategy": "exp_max",
  "metrics": {
    "mrr": 0.563409482412194,
    "recall@1": 0.39403973509933776,
    "ndcg@1": 0.36423841059602646,
    "recall@5": 0.7880794701986755,
    "ndcg@5": 0.41345074261105025,
    "recall@10": 0.8675496688741722,
    "ndcg@10": 0.4422203948675873
  }
}