{
  "task": "Vidore3PhysicsRetrieval.v2",
  "alpha": 32.0,
  "strategy": "topk_max",
  "metrics": {
    "mrr": 0.6017073976304694,
    "recall@1": 0.4337748344370861,
    "ndcg@1": 0.3956953642384106,
    "recall@5": 0.8311258278145696,
    "ndcg@5": 0.44712607073830746,
    "recall@10": 0.9105960264900662,
    "ndcg@10": 0.47766594593821077
  }
}