{
  "task": "Vidore3PhysicsRetrieval.v2",
  "alpha": 1.0,
  "strategy": "softmax_avg",
  "metrics": {
    "mrr": 0.5563432249756682,
    "recall@1": 0.40397350993377484,
    "ndcg@1": 0.37251655629139074,
    "recall@5": 0.7384105960264901,
    "ndcg@5": 0.3963428910219407,
    "recall@10": 0.8311258278145696,
    "ndcg@10": 0.42186505702554
  }
}