{
  "task": "Vidore3PhysicsRetrieval.v2",
  "alpha": 0.5,
  "metrics": {
    "mrr": 0.5912380903224773,
    "recall@1": 0.41721854304635764,
    "ndcg@1": 0.3841059602649007,
    "recall@5": 0.8278145695364238,
    "ndcg@5": 0.43658593440494325,
    "recall@10": 0.9006622516556292,
    "ndcg@10": 0.463520749731919
  }
}