{
  "task": "Vidore3PhysicsRetrieval.v2",
  "alpha": 32.0,
  "strategy": "exp_max",
  "metrics": {
    "mrr": 0.5456785831714722,
    "recall@1": 0.3741721854304636,
    "ndcg@1": 0.34933774834437087,
    "recall@5": 0.7682119205298014,
    "ndcg@5": 0.3967190776673217,
    "recall@10": 0.8708609271523179,
    "ndcg@10": 0.42622926238748604
  }
}