{
  "task": "Vidore3PhysicsRetrieval.v2",
  "alpha": 3.0,
  "strategy": "weighted_avg",
  "metrics": {
    "mrr": 0.6052512293463423,
    "recall@1": 0.4337748344370861,
    "ndcg@1": 0.3956953642384106,
    "recall@5": 0.8211920529801324,
    "ndcg@5": 0.4386285074764154,
    "recall@10": 0.9139072847682119,
    "ndcg@10": 0.47641690891727373
  }
}