{
  "task": "Vidore3PhysicsRetrieval.v2",
  "alpha": 2.0,
  "strategy": "weighted_avg",
  "metrics": {
    "mrr": 0.601660715405601,
    "recall@1": 0.4337748344370861,
    "ndcg@1": 0.3973509933774834,
    "recall@5": 0.8145695364238411,
    "ndcg@5": 0.4414791660261941,
    "recall@10": 0.9039735099337748,
    "ndcg@10": 0.4751163930375801
  }
}