{
  "task": "Vidore3PhysicsRetrieval.v2",
  "alpha": 3.0,
  "strategy": "softmax_avg",
  "metrics": {
    "mrr": 0.5459276754030342,
    "recall@1": 0.39403973509933776,
    "ndcg@1": 0.3609271523178808,
    "recall@5": 0.7185430463576159,
    "ndcg@5": 0.38474503999991727,
    "recall@10": 0.8278145695364238,
    "ndcg@10": 0.4129960233790097
  }
}