{
  "task": "Vidore3PhysicsRetrieval.v2",
  "alpha": 128.0,
  "strategy": "weighted_avg",
  "metrics": {
    "mrr": 0.6054739067984966,
    "recall@1": 0.46688741721854304,
    "ndcg@1": 0.423841059602649,
    "recall@5": 0.8112582781456954,
    "ndcg@5": 0.43644527863536925,
    "recall@10": 0.8543046357615894,
    "ndcg@10": 0.45880364986311173
  }
}