{
  "task": "Vidore3PhysicsRetrieval.v2",
  "alpha": 32.0,
  "strategy": "softmax_avg",
  "metrics": {
    "mrr": 0.4629648849368354,
    "recall@1": 0.304635761589404,
    "ndcg@1": 0.2781456953642384,
    "recall@5": 0.6622516556291391,
    "ndcg@5": 0.3212203945318983,
    "recall@10": 0.7649006622516556,
    "ndcg@10": 0.3542988348814469
  }
}