{
  "task": "Vidore3PhysicsRetrieval.v2",
  "alpha": 2.0,
  "strategy": "softmax_avg",
  "metrics": {
    "mrr": 0.557525838502897,
    "recall@1": 0.40728476821192056,
    "ndcg@1": 0.3758278145695364,
    "recall@5": 0.7417218543046358,
    "ndcg@5": 0.3956355456529529,
    "recall@10": 0.8311258278145696,
    "ndcg@10": 0.4192059351824002
  }
}