{
  "task": "Vidore3PhysicsRetrieval.v2",
  "alpha": 1.0,
  "strategy": "exp_max",
  "metrics": {
    "mrr": 0.594250324449926,
    "recall@1": 0.4337748344370861,
    "ndcg@1": 0.3990066225165563,
    "recall@5": 0.804635761589404,
    "ndcg@5": 0.42713643738414336,
    "recall@10": 0.9039735099337748,
    "ndcg@10": 0.4619605999419744
  }
}