{
  "task": "Vidore3PhysicsRetrieval.v2",
  "alpha": 4.0,
  "strategy": "softmax_avg",
  "metrics": {
    "mrr": 0.5297283576479549,
    "recall@1": 0.3675496688741722,
    "ndcg@1": 0.33774834437086093,
    "recall@5": 0.7119205298013245,
    "ndcg@5": 0.37500569587660604,
    "recall@10": 0.8245033112582781,
    "ndcg@10": 0.40579417386903105
  }
}