{
  "task": "Vidore3PhysicsRetrieval.v2",
  "alpha": 64.0,
  "strategy": "weighted_avg",
  "metrics": {
    "mrr": 0.6055469945087131,
    "recall@1": 0.45364238410596025,
    "ndcg@1": 0.40728476821192056,
    "recall@5": 0.8145695364238411,
    "ndcg@5": 0.43282692431320413,
    "recall@10": 0.8675496688741722,
    "ndcg@10": 0.45887082333275897
  }
}