{
  "task": "Vidore3PhysicsRetrieval.v2",
  "alpha": 16.0,
  "strategy": "weighted_avg",
  "metrics": {
    "mrr": 0.6187440554947061,
    "recall@1": 0.4602649006622517,
    "ndcg@1": 0.4105960264900662,
    "recall@5": 0.8211920529801324,
    "ndcg@5": 0.4409496036375324,
    "recall@10": 0.890728476821192,
    "ndcg@10": 0.47413719112187586
  }
}