{
  "task": "Vidore3PhysicsRetrieval.v2",
  "alpha": 16.0,
  "strategy": "exp_max",
  "metrics": {
    "mrr": 0.5404370272561119,
    "recall@1": 0.3576158940397351,
    "ndcg@1": 0.3360927152317881,
    "recall@5": 0.7748344370860927,
    "ndcg@5": 0.4030142730026579,
    "recall@10": 0.8609271523178808,
    "ndcg@10": 0.4317874263102708
  }
}