{
  "task": "Vidore3PhysicsRetrieval.v2",
  "alpha": 2.0,
  "metrics": {
    "mrr": 0.5630265440411945,
    "recall@1": 0.39072847682119205,
    "ndcg@1": 0.3609271523178808,
    "recall@5": 0.7947019867549668,
    "ndcg@5": 0.4143421180402778,
    "recall@10": 0.8807947019867549,
    "ndcg@10": 0.4456839536931339
  }
}