{
  "task": "Vidore3PhysicsRetrieval.v2",
  "alpha": 4.0,
  "strategy": "weighted_avg",
  "metrics": {
    "mrr": 0.6155466553915813,
    "recall@1": 0.4503311258278146,
    "ndcg@1": 0.40894039735099336,
    "recall@5": 0.8245033112582781,
    "ndcg@5": 0.444826997196504,
    "recall@10": 0.9105960264900662,
    "ndcg@10": 0.48085694242829
  }
}