{
  "task": "Vidore3PhysicsRetrieval.v2",
  "alpha": 8.0,
  "strategy": "softmax_avg",
  "metrics": {
    "mrr": 0.4861753485409533,
    "recall@1": 0.32450331125827814,
    "ndcg@1": 0.2947019867549669,
    "recall@5": 0.6854304635761589,
    "ndcg@5": 0.34634478158829834,
    "recall@10": 0.7880794701986755,
    "ndcg@10": 0.3764491477916018
  }
}