{
  "task": "Vidore3PhysicsRetrieval.v2",
  "alpha": 64.0,
  "strategy": "exp_max",
  "metrics": {
    "mrr": 0.5390758889482318,
    "recall@1": 0.3675496688741722,
    "ndcg@1": 0.34271523178807944,
    "recall@5": 0.7549668874172185,
    "ndcg@5": 0.3870756694937345,
    "recall@10": 0.8543046357615894,
    "ndcg@10": 0.41724716006269075
  }
}