{
  "task": "Vidore3PhysicsRetrieval.v2",
  "alpha": 8.0,
  "strategy": "weighted_avg",
  "metrics": {
    "mrr": 0.6115026647296787,
    "recall@1": 0.4370860927152318,
    "ndcg@1": 0.3890728476821192,
    "recall@5": 0.8211920529801324,
    "ndcg@5": 0.4459555615081755,
    "recall@10": 0.9039735099337748,
    "ndcg@10": 0.47606770633885614
  }
}