{
  "task": "Vidore3PhysicsRetrieval.v2",
  "alpha": 3.0,
  "metrics": {
    "mrr": 0.5694942461752946,
    "recall@1": 0.40397350993377484,
    "ndcg@1": 0.37251655629139074,
    "recall@5": 0.7880794701986755,
    "ndcg@5": 0.41477886418157073,
    "recall@10": 0.8708609271523179,
    "ndcg@10": 0.44491845754173837
  }
}