{
  "task": "Vidore3PhysicsRetrieval.v2",
  "alpha": 32.0,
  "strategy": "weighted_avg",
  "metrics": {
    "mrr": 0.6068833463159058,
    "recall@1": 0.45364238410596025,
    "ndcg@1": 0.4056291390728477,
    "recall@5": 0.8145695364238411,
    "ndcg@5": 0.4358691654248717,
    "recall@10": 0.8807947019867549,
    "ndcg@10": 0.46669753413419923
  }
}