{
  "task": "Vidore3PhysicsRetrieval.v2",
  "alpha": 64.0,
  "strategy": "softmax_avg",
  "metrics": {
    "mrr": 0.5022451199153594,
    "recall@1": 0.34105960264900664,
    "ndcg@1": 0.31125827814569534,
    "recall@5": 0.7086092715231788,
    "ndcg@5": 0.35939588700026726,
    "recall@10": 0.8145695364238411,
    "ndcg@10": 0.38709266598832254
  }
}