{
  "task": "Vidore3PhysicsRetrieval.v2",
  "alpha": 8.0,
  "strategy": "exp_max",
  "metrics": {
    "mrr": 0.5466334797648749,
    "recall@1": 0.36423841059602646,
    "ndcg@1": 0.34105960264900664,
    "recall@5": 0.7748344370860927,
    "ndcg@5": 0.4056272136750446,
    "recall@10": 0.8675496688741722,
    "ndcg@10": 0.4346893655792041
  }
}