{
  "task": "Vidore3PhysicsRetrieval.v2",
  "alpha": 128.0,
  "strategy": "exp_max",
  "metrics": {
    "mrr": 0.007273923688777248,
    "recall@1": 0.0,
    "ndcg@1": 0.0,
    "recall@5": 0.009933774834437087,
    "ndcg@5": 0.0016506502491878355,
    "recall@10": 0.013245033112582781,
    "ndcg@10": 0.0030467815837104677
  }
}