{
  "task": "Vidore3PhysicsRetrieval.v2",
  "alpha": 0.5,
  "strategy": "softmax_avg",
  "metrics": {
    "mrr": 0.5676854747230357,
    "recall@1": 0.423841059602649,
    "ndcg@1": 0.39072847682119205,
    "recall@5": 0.7384105960264901,
    "ndcg@5": 0.39755640726669955,
    "recall@10": 0.8211920529801324,
    "ndcg@10": 0.42220185802314875
  }
}