{
  "task": "Vidore3PhysicsRetrieval.v2",
  "alpha": 128.0,
  "strategy": "softmax_avg",
  "metrics": {
    "mrr": 0.5278741700151347,
    "recall@1": 0.3609271523178808,
    "ndcg@1": 0.3294701986754967,
    "recall@5": 0.7450331125827815,
    "ndcg@5": 0.3728153837690595,
    "recall@10": 0.8609271523178808,
    "ndcg@10": 0.4103081636303484
  }
}