{
  "task": "Vidore3PhysicsRetrieval.v2",
  "alpha": 16.0,
  "strategy": "softmax_avg",
  "metrics": {
    "mrr": 0.46918048309483507,
    "recall@1": 0.3211920529801324,
    "ndcg@1": 0.29304635761589404,
    "recall@5": 0.6655629139072847,
    "ndcg@5": 0.32710226365399947,
    "recall@10": 0.7417218543046358,
    "ndcg@10": 0.3542548641757493
  }
}